﻿<?xml version='1.0' encoding='utf-8' standalone='no' ?>
<!-- ***** BEGIN LICENSE BLOCK *****
 * Version: MPL 1.1/GPL 2.0/LGPL 2.1
 *
 * The contents of this file are subject to the Mozilla Public License Version
 * 1.1 (the "License"); you may not use this file except in compliance with
 * the License. You may obtain a copy of the License at
 * http://www.mozilla.org/MPL/
 *
 * Software distributed under the License is distributed on an "AS IS" basis,
 * WITHOUT WARRANTY OF ANY KIND, either express or implied. See the License
 * for the specific language governing rights and limitations under the
 * License.
 *
 * The Original Code is [Open Source Virtual Machine.].
 *
 * The Initial Developer of the Original Code is
 * Adobe System Incorporated.
 * Portions created by the Initial Developer are Copyright (C) 2004-2006
 * the Initial Developer. All Rights Reserved.
 *
 * Contributor(s):
 *   Adobe AS3 Team
 *
 * Alternatively, the contents of this file may be used under the terms of
 * either the GNU General Public License Version 2 or later (the "GPL"), or
 * the GNU Lesser General Public License Version 2.1 or later (the "LGPL"),
 * in which case the provisions of the GPL or the LGPL are applicable instead
 * of those above. If you wish to allow use of your version of this file only
 * under the terms of either the GPL or the LGPL, and not to allow others to
 * use your version of this file under the terms of the MPL, indicate your
 * decision by deleting the provisions above and replace them with the notice
 * and other provisions required by the GPL or the LGPL. If you do not delete
 * the provisions above, a recipient may use your version of this file under
 * the terms of any one of the MPL, the GPL or the LGPL.
 *
 * ***** END LICENSE BLOCK ***** -->
 
<errors>  This table contains all of the error messages generated by core 
  avmplus.  This will likely be replaced by a resource table      
  for easy localization.   
  %o = ScriptObject* 
  %t = Traits* 
  %m = MethodInfo* 
  %n = Multiname (name portion only)
  %N = Multiname (namespace portion only)
  %a = Atom 
  %d = int 
  %f = double 
  %S = Stringp 
  %s = char*   
  
  <error id="1000" label="kOutOfMemoryError">Systemets minne är slut.
<description><![CDATA[
		Flash Player needs more memory to compile your code than your system has available. 
		Close some of the applications or processes running on your system.
	]]></description></error>
 
  <error id="1001" label="kNotImplementedError">Metoden %1 har inte implementerats.</error>
  <error id="1002" label="kInvalidPrecisionError">Number.toPrecision har intervallet 1 till 21. Number.toFixed och Number.toExponential har ett intervall från 0 till 20. Det angivna värdet ligger inte i det förväntade intervallet.
<description><![CDATA[
		You specified a value that is not within the expected range of the <code>precision</code> argument. Number.toPrecision has a range of 1 to 21. Number.toFixed and Number.toExponential have a range of 0 to 20.		
	]]></description></error>
 
  <error id="1003" label="kInvalidRadixError">Radixargumentet måste ligga mellan 2 och 36; värdet var %1.
     <description><![CDATA[
		You passed a value less than 2 or greater than 36 for the <code>radix</code> argument of a method or property. 
		Pass a value between 2 and 36 as a <code>radix</code> argument.
	]]></description>  </error>
  <error id="1004" label="kInvokeOnIncompatibleObjectError">Metoden %1 anropas på ett objekt som inte är kompatibelt.
<description><![CDATA[
		You tried to call a method that is not available to the specified object. This error occurs when 
		you have copied a prototype function from one object to another, and then invoked it, but the 
		target object is not the same type as the original object. Ensure that the target object and 
		original object are the same type. See the ECMAScript Language Specification, 3rd Edition, Chapter 15 for more details.
	]]></description></error>
  
  <!-- ISSUE jsshell reports "invalid array length" -->
<error id="1005" label="kArrayIndexNotIntegerError">Arrayindexet är inte ett positivt heltal (%1).
<description><![CDATA[
		You tried to access a member of an array using an index value that is not a positive integer. Pass only positive integers as index values for arrays.
	]]></description></error>
 
  
<error id="1006" label="kCallOfNonFunctionError">%1 är inte en funktion.
<description><![CDATA[
		This error occurs when you attempt to call a function that does not exist. 
		Make sure you are calling the correct function, and that the API has 
		not changed from ActionScript 2.0. Also, make sure you are using the correct
		object. For example, you will see this error when you use the following code 
		(because the last line mistakenly calls the variable <code>big</code> instead 
		of <code>blg</code>): 
		
		<pre><code>var blg:String = "foo";
var big:Sprite = new Sprite();
var error:int = big.length(); </code></pre>
	]]></description></error>
  <error id="1007" label="kConstructOfNonFunctionError">Ett försök att skapa en förekomst gjordes på en icke-konstruktor.</error>
  <error id="1008" label="kAmbiguousBindingError">%1 är tvetydig; det finns mer än en bindning som matchar.</error>
  <error id="1009" label="kConvertNullToObjectError">Det går inte att få åtkomst till en egenskap eller metod för objektreferensen null.
<description><![CDATA[
	An object that evaluates to <code>null</code> can have no properties. This error can occur in some unexpected 
	(though valid) situations. For example, consider the following code, which creates a Sprite
	object. Because this Sprite object is never added to the display list (through the 
	<code>addChild()</code> method of a DisplayObjectContainer object), its <code>stage</code>
	property is set to <code>null</code>. Thus, the example generates this error because Sprite object's <code>stage</code> property 
	cannot have any properties:
	
	<pre><code>import flash.display.Sprite;
var sprite1:Sprite = new Sprite();
var q:String = sprite1.stage.quality;</code></pre>
	]]></description></error>
 
  <error id="1010" label="kConvertUndefinedToObjectError">En term är odefinierad och har inga egenskaper.
<description><![CDATA[
		This error can occur if you try to access a property of an object that does not exist. For example:
		<pre><code>var obj:Object = new Object();
obj.a = "foo";
trace(obj.b.prop);</code></pre>
		
		<p>You can also see this error because of a misspelling, for example in the following, where
		<code>mc</code> represents a MovieClip object in the display list, and the <code>stage</code>
		property is misspelled with a capital S (it should be <code>stage</code>):</p>
		
		<pre><code>trace(mc.Stage.quality);</code></pre>
		
	
	]]></description></error>
  <error id="1011" label="kIllegalOpcodeError">Metoden %1 innehöll den ogiltiga opkoden %2 vid offset %3.
<description><![CDATA[
		See the <a href="#note">note</a> at the bottom of this table.&#42;
	]]></description></error>
 
  <error id="1012" label="kLastInstExceedsCodeSizeError">Den senaste instruktionen överskred kodstorleken.
<description><![CDATA[
		See the <a href="#note">note</a> at the bottom of this table.&#42;
	]]></description></error>
 
   <error id="1013" label="kFindVarWithNoScopeError">Det går inte att anropa OP_findproperty när scopeDepth är 0.
<description><![CDATA[
		See the <a href="#note">note</a> at the bottom of this table.&#42;
	]]></description></error>
 
   <error id="1014" label="kClassNotFoundError">Klassen %1 hittades inte.</error>
   <error id="1015" label="kIllegalSetDxns">Metoden %1 kan inte ange standard xml-namnutrymme
<description><![CDATA[
		See the <a href="#note">note</a> at the bottom of this table.&#42;
	]]></description></error>
 
   <error id="1016" label="kDescendentsError">Operatorn underordnade (..) stöds inte för typen %1.</error>
   <error id="1017" label="kScopeStackOverflowError">Omfångsspill inträffade i stacken (toppning).
<description><![CDATA[
		See the <a href="#note">note</a> at the bottom of this table.&#42;
	]]></description></error>
 
   <error id="1018" label="kScopeStackUnderflowError">Omfångsspill i stacken (bottning).
<description><![CDATA[
		See the <a href="#note">note</a> at the bottom of this table.&#42;
	]]></description></error>
 
   <error id="1019" label="kGetScopeObjectBoundsError">Getscopeobjektet %1 ligger utanför gränserna.
<description><![CDATA[
		See the <a href="#note">note</a> at the bottom of this table.&#42;
	]]></description></error>
   <error id="1020" label="kCannotFallOffMethodError">Kod kan inte fortsätta utanför slutet på en metod.
<description><![CDATA[
		See the <a href="#note">note</a> at the bottom of this table.&#42;
	]]></description></error>
 
   <error id="1021" label="kInvalidBranchTargetError">Minst ett undermål låg inte på en giltig instruktion i metoden.
<description><![CDATA[
		See the <a href="#note">note</a> at the bottom of this table.&#42;
	]]></description></error>
 
   <error id="1022" label="kIllegalVoidError">Typen void kan bara användas som returtyp för en funktion.
<description><![CDATA[
		See the <a href="#note">note</a> at the bottom of this table.&#42;
	]]></description></error>
 
   <error id="1023" label="kStackOverflowError">Spill i stacken inträffade (toppning).
<description><![CDATA[
		See the <a href="#note">note</a> at the bottom of this table.&#42;
	]]></description></error>
 
  <error id="1024" label="kStackUnderflowError">Spill i stacken inträffade (bottning).
<description><![CDATA[
		See the <a href="#note">note</a> at the bottom of this table.&#42;
	]]></description></error>
 
  <error id="1025" label="kInvalidRegisterError">Åtkomst gjordes till ett ogiltigt register %1. 
<description><![CDATA[
		See the <a href="#note">note</a> at the bottom of this table.&#42;
	]]></description></error>
 
  <error id="1026" label="kSlotExceedsCountError">Fack %1 överskrider slotCount=%2 på %3.
<description><![CDATA[
		See the <a href="#note">note</a> at the bottom of this table.&#42;
	]]></description></error>
 
  <error id="1027" label="kMethodInfoExceedsCountError">Method_info %1 överskrider method_count=%2.
<description><![CDATA[
		See the <a href="#note">note</a> at the bottom of this table.&#42;
	]]></description></error>
 
  <error id="1028" label="kDispIdExceedsCountError">Disp_id %1 överskrider max_disp_id=%2 för %3.
<description><![CDATA[
		See the <a href="#note">note</a> at the bottom of this table.&#42;
	]]></description></error>
 
  <error id="1029" label="kDispIdUndefinedError">Disp_id %1 är odefinierad för %2.
<description><![CDATA[
		See the <a href="#note">note</a> at the bottom of this table.&#42;
	]]></description></error>
 
  <error id="1030" label="kStackDepthUnbalancedError">Obalanserat staplingsdjup. %1 != %2.
<description><![CDATA[
		See the <a href="#note">note</a> at the bottom of this table.&#42;
	]]></description></error>
 
  <error id="1031" label="kScopeDepthUnbalancedError">Obalanserat omfångsdjup. %1 != %2.
<description><![CDATA[
		See the <a href="#note">note</a> at the bottom of this table.&#42;
	]]></description></error>
 
   <error id="1032" label="kCpoolIndexRangeError">Cpool-indexvärdet %1 är utan för området %2.
<description><![CDATA[
		See the <a href="#note">note</a> at the bottom of this table.&#42;
	]]></description></error>
 
   <error id="1033" label="kCpoolEntryWrongTypeError">Cpool-posten %1 har fel typ.
<description><![CDATA[
		See the <a href="#note">note</a> at the bottom of this table.&#42;
	]]></description></error>
 
   <error id="1034" label="kCheckTypeFailedError">Typtvång misslyckades: Kan inte konvertera %1 till %2.</error>
 
   <error id="1035" label="kIllegalSuperCallError">Ogiltigt superuttryck i metoden %1. 
<description><![CDATA[
		See the <a href="#note">note</a> at the bottom of this table.&#42;
	]]></description></error>
   
   <!-- <error id="1036" label="kUncaughtExceptionWarning">The VM exited due to an uncaught exception.</error> -->  
   
   <error id="1037" label="kCannotAssignToMethodError">Kan inte tilldela till en metod %1 på %2.
<description><![CDATA[
		See the <a href="#note">note</a> at the bottom of this table.&#42;
	]]></description></error>
 
  
<error id="1038" label="kRedefinedError">%1 är redan definierad.
<description><![CDATA[
		You cannot declare a variable or function with the same identifier name more than once 
		within the same scope. 
		In ActionScript 3.0, different code blocks (such as those used in two <code>for</code> loops
		in the same <code>function</code> definition) are considered to be in the same scope.
		See the <a href="#note">note</a> at the bottom of this table.&#42;
	]]></description></error>
 
  <error id="1039" label="kCannotVerifyUntilReferencedError">Det går inte att verifiera metoden förrän den refererats.
<description><![CDATA[
		See the <a href="#note">note</a> at the bottom of this table.&#42;
	]]></description></error>
 
   <error id="1040" label="kCantUseInstanceofOnNonObjectError">Högersidan av instanceof måste vara en klass eller funktion.
<description><![CDATA[
		The expression on the right side of the <code>instanceof</code> operator must be a class or function.
	]]></description></error>
  <error id="1041" label="kIsTypeMustBeClassError">Högersidan av operatorn måste vara en klass.
<description><![CDATA[
		The expression on the right side of the <code>is</code> operator must be a class.
	]]></description></error>
   <error id="1042" label="kInvalidMagicError">Inte en ABC-fil.  major_version=%1 minor_version=%2.
<description><![CDATA[
You are attempting to use an  invalid file with the player: the tool that generates the SWF may be out of date or the SWF itself may be corrupt.
	]]></description></error>
   <error id="1043" label="kInvalidCodeLengthError">Ogiltig code_length=%1.
<description><![CDATA[
		See the <a href="#note">note</a> at the bottom of this table.&#42;
	]]></description></error>
 
   <error id="1044" label="kInvalidMethodInfoFlagsError">MethodInfo-%1 har flaggor som inte stöds=%2.
<description><![CDATA[
		See the <a href="#note">note</a> at the bottom of this table.&#42;
	]]></description></error>
 
 
 <error id="1045" label="kUnsupportedTraitsKindError">Traits-sort som inte stöds=%1.
<description><![CDATA[
		See the <a href="#note">note</a> at the bottom of this table.&#42;
	]]></description></error>
 
   <error id="1046" label="kMethodInfoOrderError">MethodInfo-%1 refererad före definition.
<description><![CDATA[
		See the <a href="#note">note</a> at the bottom of this table.&#42;
	]]></description></error>
 
   <error id="1047" label="kMissingEntryPointError">Ingen startpunkt hittades.
<description><![CDATA[
		See the <a href="#note">note</a> at the bottom of this table.&#42;
	]]></description></error>
   <!--<error id="1048" label="kNativeMethodNotFoundError">Native method not found: %a.</error>-->  
   
   <error id="1049" label="kPrototypeTypeError">Prototypobjekt måste vara vanliga objekt.
<description><![CDATA[
		See the <a href="#note">note</a> at the bottom of this table.&#42;
	]]></description></error>
 
   <error id="1050" label="kConvertToPrimitiveError">Kan inte konvertera %1 till primitiv.
<description><![CDATA[
		See the <a href="#note">note</a> at the bottom of this table.&#42;
	]]></description></error>
 
   <error id="1051" label="kIllegalEarlyBindingError">Ogiltig tidig bindande åtkomst till %1.
<description><![CDATA[
		See the <a href="#note">note</a> at the bottom of this table.&#42;
	]]></description></error>
 
   <error id="1052" label="kInvalidURIError">Ogiltig URI skickad till %1-funktion.
<description><![CDATA[
		See the <a href="#note">note</a> at the bottom of this table.&#42;
	]]></description></error>
 
   <error id="1053" label="kIllegalOverrideError">Ogiltigt åsidosättande av %1 i %2.
<description><![CDATA[
		See the <a href="#note">note</a> at the bottom of this table.&#42;
	]]></description></error>
 
   <error id="1054" label="kIllegalExceptionHandlerError">Ogiltigt intervall eller ogiltiga målförskjutningar i undantagshanterare.
<description><![CDATA[
		See the <a href="#note">note</a> at the bottom of this table.&#42;
	]]></description></error>
 <!-- obsolete
  <error id="1055" label="kHasNoPropertiesTypeError">%S has no properties</error>
  -->
  <error id="1056" label="kWriteSealedError">Kan inte skapa egenskapen %1 på %2.
<description><![CDATA[
	You are trying to assign a value to a nonexistent property on an instance of a non-dynamic 
	class. This is only possible for instances of dynamic classes]]></description></error>
  
 <error id="1057" label="kIllegalSlotError">%1 kan bara innehålla metoder.
<description><![CDATA[
		See the <a href="#note">note</a> at the bottom of this table.&#42;
	]]></description></error>
 
   <error id="1058" label="kIllegalOperandTypeError">Ogiltig operandtyp: %1 måste vara %2.
<description><![CDATA[
		See the <a href="#note">note</a> at the bottom of this table.&#42;
	]]></description></error>
 
   <error id="1059" label="kClassInfoOrderError">ClassInfo-%1 refereras före sin definition.
<description><![CDATA[
		See the <a href="#note">note</a> at the bottom of this table.&#42;
	]]></description></error>
 
  <error id="1060" label="kClassInfoExceedsCountError">ClassInfo %1 överstiger class_count=%2.
<description><![CDATA[
		See the <a href="#note">note</a> at the bottom of this table.&#42;
	]]></description></error>
 
  
<error id="1061" label="kNumberOutOfRangeError">Värdet %1 kan inte konverteras till %2 utan att förlora precision.
<description><![CDATA[
	
		This error appears if you attempt to assign a decimal number to a property that has data type 
		int.
		
		<p>This error also appears for out-of-range assignments, such as the following:</p>
		
		<pre><code>var m0:int = 2147483648; // int.MAX_VALUE == 2147483647</code></pre>		
		<p>You can also see this error when using the bitwise left shift operator (&lt&lt).
		For example, consider the following code:</p>
		
		<pre><code>var m0:uint = 0xFF;
var m1:uint = m0&lt&lt24;</code></pre>
		
		<p>The result of left shift operator (&lt&lt) is interpreted as a 32-bit two's complement number 
		with sign. In the example, the result is a negative value, which causes the error when assigned
		to the uint typed property. A workaround is the following:</p>
		
		<pre><code>var m0:uint = 0xFF;
var m1:uint = uint(m0&lt;&lt;24);</code></pre>
	
	]]></description></error>
   <!--<error id="1062" label="kPackageCircularityError">Package %a imported while being defined</error>-->
  <error id="1063" label="kWrongArgumentCountError">Argumenträkningsfel för %1. Förväntade %2 men %3 redovisades.</error>
  <error id="1064" label="kCannotCallMethodAsConstructor">Kan inte anropa metoden %1 som konstruktor.
  <description><![CDATA[
	Extracted methods are permanently bound to the object they are extracted from. 
	Therefore, they can not later be called as a constructor. For example, the following 
	creates function <code>f()</code> in Class A:
 	<pre><code>class A {
	   function f() {}
	}</code></pre>
	In the following code, extracting the function causes no error. However, creating 
	a new instance of the function causes an error.
	<pre><code>var a = new A()
	var m = a.f // extract f, don't call it
	m() // same as a.f()
	new m() // causes this error</code></pre>
	
	]]></description></error>
  <error id="1065" label="kUndefinedVarError">Variabeln %1 har inte definierats.
  <description><![CDATA[
	You are using an undefined lexical reference. For example, in the following statements, the 
	statement <code>trace(x)</code> generates an error because <code>x</code> is undefined. However, the 
	statement <code>trace(y)</code> doesn't generate an error because <code>y</code> is defined:
 	<pre><code>trace("hello world")
	trace(x) // x is undefined
	var y
	trace(y) // No error, y is defined.</code></pre>
	]]></description></error>
  <error id="1066" label="kFunctionConstructorError">Formfunktionen ('function body') stöds inte.
  <description><![CDATA[
	Unlike JavaScript, Flash does not compile code on-the-fly using <code>eval()</code> and 
	<code>function()</code>.  Thus, calling these as a constructor in ActionScript 3.0 generates this error.
	]]></description></error>
  
<error id="1067" label="kIllegalNativeMethodBodyError">Intern metod %1 har en ogiltig metodbrödtext.
<description><![CDATA[
		See the <a href="#note">note</a> at the bottom of this table.&#42;
	]]></description></error>
 
  
<error id="1068" label="kCannotMergeTypesError">%1 och %2 kan inte förenas.
<description><![CDATA[
		See the <a href="#note">note</a> at the bottom of this table.&#42;
	]]></description></error>
 
   <error id="1069" label="kReadSealedError">Egenskapen %1 hittades inte för %2 och det finns inget standardvärde.
  <description><![CDATA[
	You are referencing an undefined property on a non-dynamic class instance. For example, the following generates this error when it references property 
	<code>x</code>, which is not defined and cannot be created dynamically: 	
	<pre><code>class A {} // sealed class, not dynamic
	trace(new A().x) // no property x defined on A, and A is not dynamic</code></pre>
	]]></description></error>
  <error id="1070" label="kCallNotFoundError">Metoden %1 hittades inte för %2
  <description><![CDATA[
	You are using a <code>super</code> statement to call a function, but the function doesn't exist in the super class. 
	For example, the following code generates the error:	<pre><code>class A() {}
class B extends A {
  function f() { trace(super.f()); } // error 1070, there is no f on A
}</code></pre>
	]]></description></error>
  <error id="1071" label="kAlreadyBoundError">Funktionen %1 har redan bundits till %2.</error>
  
<error id="1072" label="kZeroDispIdError">Disp_id 0 är ogiltig.
<description><![CDATA[
		See the <a href="#note">note</a> at the bottom of this table.&#42;
	]]></description></error>
 
   <error id="1073" label="kDuplicateDispIdError">Icke-åsidosättningsmetod %1 ersatt på grund av dubblerade disp_id %2.
<description><![CDATA[
		See the <a href="#note">note</a> at the bottom of this table.&#42;
	]]></description></error>
  
<error id="1074" label="kConstWriteError">Ogiltig skrivning till den skrivskyddade egenskapen %1 på %2.</error>
  <error id="1075" label="kMathNotFunctionError">Math är inte en funktion.
  <description><![CDATA[
	You are trying to call <code>math()</code> as a function, but the Math class is a class with static methods.
	]]></description></error>
  <error id="1076" label="kMathNotConstructorError">Math är inte en konstruktor.
  <description><![CDATA[
	You can not instantiate the Math class. 
 	]]></description></error>
 
  <error id="1077" label="kWriteOnlyError">Ogiltig läsning av den lässkyddade egenskapen %1 på %2.</error>
   <error id="1078" label="kIllegalOpMultinameError">Ogiltig opcode/multinamnkombination: %1&lt;%2&gt;.
<description><![CDATA[
		See the <a href="#note">note</a> at the bottom of this table.&#42;
	]]></description></error>
 
   <error id="1079" label="kIllegalNativeMethodError">Interna metoder är inte tillåtna i inläst kod.
<description><![CDATA[
		See the <a href="#note">note</a> at the bottom of this table.&#42;
	]]></description></error>
 
   <error id="1080" label="kIllegalNamespaceError">Ogiltigt värde för namnutrymme.
<description><![CDATA[
		See the <a href="#note">note</a> at the bottom of this table.&#42;
	]]></description></error>
 
 
  <error id="1081" label="kReadSealedErrorNs">Egenskapen %1 hittades inte för %2 och det finns inget standardvärde.</error>
 <!--<error id="1081" label="kIllegalMultinameCallError">Illegal call to %1</error>-->  
 
 <error id="1082" label="kNoDefaultNamespaceError">Standardnamnutrymme har inte ställts in.
<description><![CDATA[
		See the <a href="#note">note</a> at the bottom of this table.&#42;
	]]></description></error>
 
   <error id="1083" label="kXMLPrefixNotBound">Prefixet "%1" för elementet "%2" är inte bundet.
<description><![CDATA[
	An attribute name or element name has a prefix but no matching namespace was 
	found. This statement generates an error because there is no <code>foo</code> 
	namespace to match <code>foo:x</code>:<pre/>&lt;foo:x xmlns:clowns='http://circuscenter.org'&gt;</pre>
		]]></description></error>
 
  <error id="1084" label="kXMLBadQName">Element eller attribut ("%1") matchar inte QName-produktion: QName::=(NCName':')?NCName.
<description><![CDATA[
	You have <code>foo: </code> or <code>:foo</code> as an element or attribute name, but there is nothing 
	on the other side of the colon.	
	]]></description></error>
  <error id="1085" label="kXMLUnterminatedElementTag">Elementtypen "%1" måste avslutas av den matchande sluttaggen "&lt;/%2&gt;".</error>
  <error id="1086" label="kXMLOnlyWorksWithOneItemLists">Metoden %1 fungerar bara på listor som innehåller ett objekt.
<description><![CDATA[
	The XMLList class propagates the XML-specific functions to one child if it has only one 
	item in its list. If more than one item is in the list, the routines fail with this 
	error. This happens for the following XMLList functions that mimic XML functions: 	
	<p><code>addNamespace</code>, <code>appendChild</code>,  <code>childIndex</code>,  	
	<code>inScopeNamespaces</code>,  <code>insertChildAfter</code>,  <code>insertChildBefore</code>,  	
	<code>name</code>,  <code>namespace</code>,  <code>localName</code>,  <code>namespaceDeclarations</code>,  	
	<code>nodeKind</code>,  <code>prependChild</code>,  <code>removeNamespace</code>,  <code>replace</code>,  	
	<code>setChildren</code>,  <code>setLocalName</code>,  <code>setName</code>,  and <code>setNamespace.
 
	]]></description></error>
  <error id="1087" label="kXMLAssignmentToIndexedXMLNotAllowed">Tilldelning till indexerad XML är inte tillåten.</error>
  <error id="1088" label="kXMLMarkupMustBeWellFormed">Koden i det dokument som följer på rotelementet måste vara välformaterad.
<description><![CDATA[
	These are possible causes of this error:
	<ul>
	<li>Parsing an XMLList style object as XML</li>
	<li>Misbalanced strings</li>
	</ul>	
	]]></description></error>
 
  <error id="1089" label="kXMLAssigmentOneItemLists">Tilldelning till listor med mer än ett objekt stöds inte.</error>
  <error id="1090" label="kXMLMalformedElement">XML-parserfel: felaktigt elementformat.
<description><![CDATA[
	An element name is malformed. This example of an element name is malformed because a 
	trailing right angle bracket <code>></code> is missing:
 
	<pre>&lt;a/&gt;&lt;b&gt;&lt;/b</pre>	]]></description></error>
 
  <error id="1091" label="kXMLUnterminatedCData">XML-tolkningsfel: Oavslutat CDATA-avsnitt.</error>
  <error id="1092" label="kXMLUnterminatedXMLDecl">XML-tolkningsfel: Oavslutad XML-deklaration.</error>
  <error id="1093" label="kXMLUnterminatedDocTypeDecl">XML-tolkningsfel: Oavslutad DOCTYPE-deklaration.</error>
  <error id="1094" label="kXMLUnterminatedComment">XML-tolkningsfel: Oavslutad kommentar.</error>
  <error id="1095" label="kXMLUnterminatedAttribute">XML-tolkningsfel: Oavslutat attribut.</error>
  <error id="1096" label="kXMLUnterminatedElement">XML-tolkningsfel: Oavslutat element.</error>
  <error id="1097" label="kXMLUnterminatedProcessingInstruction">XML-tolkningsfel: Bearbetningsinstruktion förväntades.</error>
  <error id="1098" label="kXMLNamespaceWithPrefixAndNoURI">Ogiltigt prefix %1 för inget namnutrymme.
<description><![CDATA[
	The namespace constructor throws this error if you try to pass in an empty URI with a 
	non-empty prefix as in this example:
 
<pre>ns = new Namespace ("prefix", "");
	]]></description></error>
 
  <!--<error id="1099" label="kNullArgumentError">Argument %s cannot be null.</error>-->
  <error id="1100" label="kRegExpFlagsArgumentError">Kan inte tillhandahålla flaggor vid skapande av en RegExp från en annan.
  <description><![CDATA[
	Creating a new regular expression from an existing one also copies its flags. To create a regular expression with 
	different flags, use the <code>new</code> operator and set the flags as desired. For example, this statement 
	creates a regular expression and specifies flag settings:
	<pre><code>var re:RegExp = new RegExp("ali", /s)</code></pre>
	Alternatively, this statement creates a regular expression that has the same flags as re:
	<pre><code>var re2:RegExp = new RegExp(re, ...)</code></pre> 	]]></description></error>
  
   <error id="1101" label="kNoScopeError">Kan inte verifiera metod %1 med okänt omfång.
<description><![CDATA[
		See the <a href="#note">note</a> at the bottom of this table.&#42;
	]]></description></error>
 
   <error id="1102" label="kIllegalDefaultValue">Ogiltigt standardvärde för typ %1.
<description><![CDATA[
		See the <a href="#note">note</a> at the bottom of this table.&#42;
	]]></description></error>
 
   <error id="1103" label="kCannotExtendFinalClass">Klassen %1 kan inte utöka slutlig basklass.
<description><![CDATA[
		See the <a href="#note">note</a> at the bottom of this table.&#42;
	]]></description></error>
 
   <error id="1104" label="kXMLDuplicateAttribute">Attribut "%1" har redan specificerats för element "%2".</error>
  <!--<error id="1105" label="kStringIndexOutOfBoundsError">The string index %d is out of bounds; must be in range %d to %d.</error>-->
  <!--<error id="1106" label="kInvalidRangeError">The range specified is invalid.</error>-->
  <error id="1107" label="kCorruptABCError">ABC-data är skadade, försök att läsa utanför gränserna.
<description><![CDATA[
		See the <a href="#note">note</a> at the bottom of this table.&#42;
	]]></description></error>
 
  <error id="1108" label="kInvalidBaseClassError">Opkoden OP_newclass användes med felaktig basklass.
<description><![CDATA[
		See the <a href="#note">note</a> at the bottom of this table.&#42;
	]]></description></error>
 
  <error id="1109" label="kDanglingFunctionError">Försök att direktanropa den obundna funktionen %1 från metod %2.
<description><![CDATA[
		See the <a href="#note">note</a> at the bottom of this table.&#42;
	]]></description></error>
 
  <error id="1110" label="kCannotExtendError">%1 kan inte utöka %2.
<description><![CDATA[
		See the <a href="#note">note</a> at the bottom of this table.&#42;
	]]></description></error>
 
  <error id="1111" label="kCannotImplementError">%1 kan inte implementera %2.
<description><![CDATA[
		See the <a href="#note">note</a> at the bottom of this table.&#42;
	]]></description></error>
 
   <error id="1112" label="kCoerceArgumentCountError">Argumenträkningsfel för klasstvång.  1 förväntades men %1 angavs.</error>
   <error id="1113" label="kInvalidNewActivationError">OP_newactivation använd i metod utan NEED_ACTIVATION-flagga.
<description><![CDATA[
		See the <a href="#note">note</a> at the bottom of this table.&#42;
	]]></description></error>
 
  <error id="1114" label="kNoGlobalScopeError">OP_getglobalslot eller OP_setglobalslot använd utan globalt omfång.
<description><![CDATA[
		See the <a href="#note">note</a> at the bottom of this table.&#42;
	]]></description></error>
 
  <error id="1115" label="kNotConstructorError">%1 är inte en konstruktor.</error>
  <error id="1116" label="kApplyError">det andra argumentet för Function.prototype.apply måste vara en array.</error>
  <error id="1117" label="kXMLInvalidName">Ogiltigt XML-namn: %1.</error>
  <error id="1118" label="kXMLIllegalCyclicalLoop">Ogiltig cyklisk slinga mellan noder.</error>
  <error id="1119" label="kDeleteTypeError">Operatorn Delete stöds inte för operander av typen %1.</error>
  <error id="1120" label="kDeleteSealedError">Det går inte att ta bort egenskapen %1 på %2.</error>
  <error id="1121" label="kDuplicateMethodBodyError">Metoden %1 har en dubblerad metodbrödtext.</error>
   <error id="1122" label="kIllegalInterfaceMethodBodyError">Gränssnittsmetoden %1 har en ogiltig metodbrödtext.</error>
  <error id="1123" label="kFilterError">Operatorn Filter stöds inte för typen %1.</error>  
  <error id="1124" label="kInvalidHasNextError">OP_hasnext2 kräver att objekt och index är olika register.</error>
  <error id="1125" label="kOutOfRangeError">Indexvärdet %1 är utan för området %2.</error>
  <error id="1126" label="kVectorFixedError">Det går inte att ändra längden på en fast vektor.</error>
  <error id="1127" label="kTypeAppOfNonParamType">En typ försökte användas på en typ utan parametrar.</error>
  <error id="1128" label="kWrongTypeArgCountError">Felaktigt antal typparametrar för %1. %2 förväntades, men antalet var %3.</error>

  <!-- The following errors are specific to the AVM2 command-line shell.-->  
  <error id="1500" hidden="true" label="kFileOpenError">Fel vid öppning av filen %1.</error>
  <error id="1501" hidden="true" label="kFileWriteError">Fel vid skrivning till filen %1.
    <description><![CDATA[
		The file you are writing to cannot be opened. Possibly the filename contains an error, the file is read-only, or 
		you do not have access privileges.
	  	]]></description>
		</error>
  <error id="1502" label="kScriptTimeoutError">Ett skript har körts i mer än standardtiden för timeout, 15 sekunder.
        <description><![CDATA[
		A script executed after the timeout period. (The default timeout period is 15 seconds.) After this error occurs, the 
		script can continue to execute for 15 seconds more, after which the script terminates and throws run-time error number 1503 (A script failed to exit after 30 seconds and was terminated.)  
	]]></description>
 </error>
  <error id="1503" label="kScriptTerminatedError">Ett skript slutfördes inte efter 30 sekunder och avslutades.
      <description><![CDATA[
	  The script was still executing after 30 seconds. Flash Player first throws run-time error number 1502 (A script has executed for longer than the default timeout period of 15 seconds.) if the script executed more than 15 
	  seconds, which is the default timeout period. This error occurs 15 seconds after Error 1502 occurs.  
	]]></description></error>
	 <error id="1504" hidden="true" label="kEndOfFileError">Filslut.
      <description><![CDATA[
	  Flash Player unexpectedly encountered the end of the file. Possibly the file was not saved correctly or Flash Player expected more data 
	  in the file.
	]]></description>  
  </error>
  <error id="1505" hidden="true" label="kStringIndexOutOfBoundsError">Strängindexet %1 ligger utanför gränserna; måste ligga inom intervallet %2 till %3.</error>
  <error id="1506" hidden="true" label="kInvalidRangeError">Det angivna intervallet är ogiltigt.
    <description><![CDATA[
	The method's <code>start</code> parameter is greater than its <code>end</code> parameter.
	]]></description></error>
  <error id="1507" label="kNullArgumentError">Argumentet %1 får inte vara null.</error>
  <error id="1508" label="kInvalidArgumentError">Det värde som specificerats för argumentet %1 är ogiltigt.
  <description><![CDATA[
	You are possibly trying to pass the wrong data type. For example, the code
	<pre><code>public function doSomething(const:int):void {
	}
	this ["doSomething"] ("str")</code></pre> 
	generates an error at runtime because <code>doSomething</code> is cast as an int data type.	]]></description></error>
 
  <error id="1509" hidden="true" label="kShellCompressedDataError">Ett fel uppstod vid dekomprimering av data.
  <description><![CDATA[
	The de-compressor reached the end of the stream, but more data was expected. The compressed data 
	stream is probably corrupted.
	]]></description></error>
  <error id="1510" label="kArrayFilterNonNullObjectError">När ett callback-argument är en metod i en klass måste det valfria this-argumentet vara null.</error>
</errors>
