﻿<?xml version='1.0' encoding='utf-8' standalone='no' ?>
<!-- ***** BEGIN LICENSE BLOCK *****
 * Version: MPL 1.1/GPL 2.0/LGPL 2.1
 *
 * The contents of this file are subject to the Mozilla Public License Version
 * 1.1 (the "License"); you may not use this file except in compliance with
 * the License. You may obtain a copy of the License at
 * http://www.mozilla.org/MPL/
 *
 * Software distributed under the License is distributed on an "AS IS" basis,
 * WITHOUT WARRANTY OF ANY KIND, either express or implied. See the License
 * for the specific language governing rights and limitations under the
 * License.
 *
 * The Original Code is [Open Source Virtual Machine.].
 *
 * The Initial Developer of the Original Code is
 * Adobe System Incorporated.
 * Portions created by the Initial Developer are Copyright (C) 2004-2006
 * the Initial Developer. All Rights Reserved.
 *
 * Contributor(s):
 *   Adobe AS3 Team
 *
 * Alternatively, the contents of this file may be used under the terms of
 * either the GNU General Public License Version 2 or later (the "GPL"), or
 * the GNU Lesser General Public License Version 2.1 or later (the "LGPL"),
 * in which case the provisions of the GPL or the LGPL are applicable instead
 * of those above. If you wish to allow use of your version of this file only
 * under the terms of either the GPL or the LGPL, and not to allow others to
 * use your version of this file under the terms of the MPL, indicate your
 * decision by deleting the provisions above and replace them with the notice
 * and other provisions required by the GPL or the LGPL. If you do not delete
 * the provisions above, a recipient may use your version of this file under
 * the terms of any one of the MPL, the GPL or the LGPL.
 *
 * ***** END LICENSE BLOCK ***** -->
 
<errors>  This table contains all of the error messages generated by core 
  avmplus.  This will likely be replaced by a resource table      
  for easy localization.   
  %o = ScriptObject* 
  %t = Traits* 
  %m = MethodInfo* 
  %n = Multiname (name portion only)
  %N = Multiname (namespace portion only)
  %a = Atom 
  %d = int 
  %f = double 
  %S = Stringp 
  %s = char*   
  
  <error id="1000" label="kOutOfMemoryError">
    시스템의 메모리가 부족합니다.
    <description><![CDATA[
		Flash Player needs more memory to compile your code than your system has available. 
		Close some of the applications or processes running on your system.
	]]></description></error>
 
  <error id="1001" label="kNotImplementedError">메서드 %1이(가) 구현되지 않습니다.</error>
  <error id="1002" label="kInvalidPrecisionError">
    정밀도 인수는 %2과 %3 사이의 값이어야 합니다. %1은(는) 유효하지 않습니다.
    <description><![CDATA[
		You specified a value that is not within the expected range of the <code>precision</code> argument. Number.toPrecision has a range of 1 to 21. Number.toFixed and Number.toExponential have a range of 0 to 20.		
	]]></description></error>
 
  <error id="1003" label="kInvalidRadixError">
    기수 인수는 2와 36 사이의 값이어야 하지만 %1입니다.
    <description><![CDATA[
		You passed a value less than 2 or greater than 36 for the <code>radix</code> argument of a method or property. 
		Pass a value between 2 and 36 as a <code>radix</code> argument.
	]]></description>  </error>
  <error id="1004" label="kInvokeOnIncompatibleObjectError">
    호환되지 않는 객체에서 메서드 %1을(를) 호출했습니다.
    <description><![CDATA[
		You tried to call a method that is not available to the specified object. This error occurs when 
		you have copied a prototype function from one object to another, and then invoked it, but the 
		target object is not the same type as the original object. Ensure that the target object and 
		original object are the same type. See the ECMAScript Language Specification, 3rd Edition, Chapter 15 for more details.
	]]></description></error>
  
  <!-- ISSUE jsshell reports "invalid array length" -->
<error id="1005" label="kArrayIndexNotIntegerError">
    배열 인덱스가 양의 정수(%1)가 아닙니다.
    <description><![CDATA[
		You tried to access a member of an array using an index value that is not a positive integer. Pass only positive integers as index values for arrays.
	]]></description></error>
 
  
<error id="1006" label="kCallOfNonFunctionError">
    %1은(는) 함수가 아닙니다.
    <description><![CDATA[
		This error occurs when you attempt to call a function that does not exist. 
		Make sure you are calling the correct function, and that the API has 
		not changed from ActionScript 2.0. Also, make sure you are using the correct
		object. For example, you will see this error when you use the following code 
		(because the last line mistakenly calls the variable <code>big</code> instead 
		of <code>blg</code>): 
		
		<pre><code>var blg:String = "foo";
var big:Sprite = new Sprite();
var error:int = big.length(); </code></pre>
	]]></description></error>
  <error id="1007" label="kConstructOfNonFunctionError">비생성자에서 인스턴스화를 시도했습니다.</error>
  <error id="1008" label="kAmbiguousBindingError">%1은(는) 모호합니다. 일치하는 바인딩이 두 개 이상 있습니다.</error>
  <error id="1009" label="kConvertNullToObjectError">
    null 객체 참조의 속성이나 메서드에 액세스할 수 없습니다.
    <description><![CDATA[
	An object that evaluates to <code>null</code> can have no properties. This error can occur in some unexpected 
	(though valid) situations. For example, consider the following code, which creates a Sprite
	object. Because this Sprite object is never added to the display list (through the 
	<code>addChild()</code> method of a DisplayObjectContainer object), its <code>stage</code>
	property is set to <code>null</code>. Thus, the example generates this error because Sprite object's <code>stage</code> property 
	cannot have any properties:
	
	<pre><code>import flash.display.Sprite;
var sprite1:Sprite = new Sprite();
var q:String = sprite1.stage.quality;</code></pre>
	]]></description></error>
 
  <error id="1010" label="kConvertUndefinedToObjectError">
    정의되지 않은 용어이며 속성이 없습니다.
    <description><![CDATA[
		This error can occur if you try to access a property of an object that does not exist. For example:
		<pre><code>var obj:Object = new Object();
obj.a = "foo";
trace(obj.b.prop);</code></pre>
		
		<p>You can also see this error because of a misspelling, for example in the following, where
		<code>mc</code> represents a MovieClip object in the display list, and the <code>stage</code>
		property is misspelled with a capital S (it should be <code>stage</code>):</p>
		
		<pre><code>trace(mc.Stage.quality);</code></pre>
		
	
	]]></description></error>
  <error id="1011" label="kIllegalOpcodeError">
    메서드 %1은(는) 잘못된 opcode %2을(를) 포함하고 있습니다(오프셋 %3에 있음).
    <description><![CDATA[
		See the <a href="#note">note</a> at the bottom of this table.&#42;
	]]></description></error>
 
  <error id="1012" label="kLastInstExceedsCodeSizeError">
    마지막 명령이 코드 크기를 초과했습니다.
    <description><![CDATA[
		See the <a href="#note">note</a> at the bottom of this table.&#42;
	]]></description></error>
 
   <error id="1013" label="kFindVarWithNoScopeError">
    scopeDepth가 0이면 OP_findproperty를 호출할 수 없습니다.
    <description><![CDATA[
		See the <a href="#note">note</a> at the bottom of this table.&#42;
	]]></description></error>
 
   <error id="1014" label="kClassNotFoundError">클래스 %1을(를) 찾을 수 없습니다.</error>
   <error id="1015" label="kIllegalSetDxns">
    메서드 %1은(는) 기본 xml 네임스페이스를 설정할 수 없습니다.
    <description><![CDATA[
		See the <a href="#note">note</a> at the bottom of this table.&#42;
	]]></description></error>
 
   <error id="1016" label="kDescendentsError">하위 연산자(..)는 %1 유형에서 지원되지 않습니다.</error>
   <error id="1017" label="kScopeStackOverflowError">
    범위 스택 오버플로가 발생했습니다.
    <description><![CDATA[
		See the <a href="#note">note</a> at the bottom of this table.&#42;
	]]></description></error>
 
   <error id="1018" label="kScopeStackUnderflowError">
    범위 스택 언더플로가 발생했습니다.
    <description><![CDATA[
		See the <a href="#note">note</a> at the bottom of this table.&#42;
	]]></description></error>
 
   <error id="1019" label="kGetScopeObjectBoundsError">
    Getscopeobject %1이(가) 범위를 벗어났습니다.
    <description><![CDATA[
		See the <a href="#note">note</a> at the bottom of this table.&#42;
	]]></description></error>
   <error id="1020" label="kCannotFallOffMethodError">
    코드는 메서드 끝 부분을 벗어날 수 없습니다.
    <description><![CDATA[
		See the <a href="#note">note</a> at the bottom of this table.&#42;
	]]></description></error>
 
   <error id="1021" label="kInvalidBranchTargetError">
    적어도 하나의 분기 대상이 메서드의 유효한 명령에 있지 않습니다.
    <description><![CDATA[
		See the <a href="#note">note</a> at the bottom of this table.&#42;
	]]></description></error>
 
   <error id="1022" label="kIllegalVoidError">
    void 형식은 함수 반환 형식으로만 사용할 수 있습니다.
    <description><![CDATA[
		See the <a href="#note">note</a> at the bottom of this table.&#42;
	]]></description></error>
 
   <error id="1023" label="kStackOverflowError">
    스택 오버플로가 발생했습니다.
    <description><![CDATA[
		See the <a href="#note">note</a> at the bottom of this table.&#42;
	]]></description></error>
 
  <error id="1024" label="kStackUnderflowError">
    스택 언더플로가 발생했습니다.
    <description><![CDATA[
		See the <a href="#note">note</a> at the bottom of this table.&#42;
	]]></description></error>
 
  <error id="1025" label="kInvalidRegisterError">
    유효하지 않은 레지스터 %1을(를) 액세스했습니다.
    <description><![CDATA[
		See the <a href="#note">note</a> at the bottom of this table.&#42;
	]]></description></error>
 
  <error id="1026" label="kSlotExceedsCountError">
    슬롯 %1이(가) %3의 slotCount=%2을(를) 초과했습니다.
    <description><![CDATA[
		See the <a href="#note">note</a> at the bottom of this table.&#42;
	]]></description></error>
 
  <error id="1027" label="kMethodInfoExceedsCountError">
    Method_info %1이(가) method_count=%2을(를) 초과했습니다.
    <description><![CDATA[
		See the <a href="#note">note</a> at the bottom of this table.&#42;
	]]></description></error>
 
  <error id="1028" label="kDispIdExceedsCountError">
    Disp_id %1이(가) %3의 max_disp_id=%2을(를) 초과했습니다.
    <description><![CDATA[
		See the <a href="#note">note</a> at the bottom of this table.&#42;
	]]></description></error>
 
  <error id="1029" label="kDispIdUndefinedError">
    Disp_id %1이(가) %2에 정의되어 있지 않습니다.
    <description><![CDATA[
		See the <a href="#note">note</a> at the bottom of this table.&#42;
	]]></description></error>
 
  <error id="1030" label="kStackDepthUnbalancedError">
    스택 깊이의 균형이 맞지 않습니다. %1 != %2
    <description><![CDATA[
		See the <a href="#note">note</a> at the bottom of this table.&#42;
	]]></description></error>
 
  <error id="1031" label="kScopeDepthUnbalancedError">
    범위 심도의 균형이 맞지 않습니다. %1 != %2
    <description><![CDATA[
		See the <a href="#note">note</a> at the bottom of this table.&#42;
	]]></description></error>
 
   <error id="1032" label="kCpoolIndexRangeError">
    Cpool 인덱스 %1이(가) 범위 %2을(를) 벗어났습니다.
    <description><![CDATA[
		See the <a href="#note">note</a> at the bottom of this table.&#42;
	]]></description></error>
 
   <error id="1033" label="kCpoolEntryWrongTypeError">Cpool 항목 %1은(는) 잘못된 유형입니다.<description><![CDATA[
		See the <a href="#note">note</a> at the bottom of this table.&#42;
	]]></description></error>
 
   <error id="1034" label="kCheckTypeFailedError">유형 강제 변환에 실패했습니다. %1을(를) %2(으)로 변환할 수 없습니다.</error>
 
   <error id="1035" label="kIllegalSuperCallError">
    메서드 %1에 잘못된 super 표현식이 있습니다.
    <description><![CDATA[
		See the <a href="#note">note</a> at the bottom of this table.&#42;
	]]></description></error>
   
   <!-- <error id="1036" label="kUncaughtExceptionWarning">The VM exited due to an uncaught exception.</error> -->  
   
   <error id="1037" label="kCannotAssignToMethodError">
    %2의 메서드 %1에 할당할 수 없습니다.
    <description><![CDATA[
		See the <a href="#note">note</a> at the bottom of this table.&#42;
	]]></description></error>
 
  
<error id="1038" label="kRedefinedError">
    %1이(가) 이미 정의되어 있습니다.
    <description><![CDATA[
		You cannot declare a variable or function with the same identifier name more than once 
		within the same scope. 
		In ActionScript 3.0, different code blocks (such as those used in two <code>for</code> loops
		in the same <code>function</code> definition) are considered to be in the same scope.
		See the <a href="#note">note</a> at the bottom of this table.&#42;
	]]></description></error>
 
  <error id="1039" label="kCannotVerifyUntilReferencedError">
    참조할 때까지 메서드를 확인할 수 없습니다.
    <description><![CDATA[
		See the <a href="#note">note</a> at the bottom of this table.&#42;
	]]></description></error>
 
   <error id="1040" label="kCantUseInstanceofOnNonObjectError">
    instanceof의 오른쪽은 클래스 또는 함수여야 합니다.
    <description><![CDATA[
		The expression on the right side of the <code>instanceof</code> operator must be a class or function.
	]]></description></error>
  <error id="1041" label="kIsTypeMustBeClassError">
    연산자의 오른쪽은 클래스여야 합니다.
    <description><![CDATA[
		The expression on the right side of the <code>is</code> operator must be a class.
	]]></description></error>
   <error id="1042" label="kInvalidMagicError">
    ABC 파일이 아닙니다. major_version=%1 minor_version=%2
    <description><![CDATA[
You are attempting to use an  invalid file with the player: the tool that generates the SWF may be out of date or the SWF itself may be corrupt.
	]]></description></error>
   <error id="1043" label="kInvalidCodeLengthError">
    code_length=%1이(가) 유효하지 않습니다.
    <description><![CDATA[
		See the <a href="#note">note</a> at the bottom of this table.&#42;
	]]></description></error>
 
   <error id="1044" label="kInvalidMethodInfoFlagsError">
    flags=%1을(를) 지원하지 않는 MethodInfo-%2입니다.
    <description><![CDATA[
		See the <a href="#note">note</a> at the bottom of this table.&#42;
	]]></description></error>
 
 
 <error id="1045" label="kUnsupportedTraitsKindError">
    traits kind=%1을(를) 지원하지 않습니다.
    <description><![CDATA[
		See the <a href="#note">note</a> at the bottom of this table.&#42;
	]]></description></error>
 
   <error id="1046" label="kMethodInfoOrderError">
    정의하기 전에 MethodInfo-%1을(를) 참조합니다.
    <description><![CDATA[
		See the <a href="#note">note</a> at the bottom of this table.&#42;
	]]></description></error>
 
   <error id="1047" label="kMissingEntryPointError">
    진입점을 찾을 수 없습니다.
    <description><![CDATA[
		See the <a href="#note">note</a> at the bottom of this table.&#42;
	]]></description></error>
   <!--<error id="1048" label="kNativeMethodNotFoundError">Native method not found: %a.</error>-->  
   
   <error id="1049" label="kPrototypeTypeError">
    프로토타입 객체는 vanilla 객체여야 합니다.
    <description><![CDATA[
		See the <a href="#note">note</a> at the bottom of this table.&#42;
	]]></description></error>
 
   <error id="1050" label="kConvertToPrimitiveError">
    %1을(를) 원시 값으로 변환할 수 없습니다.
    <description><![CDATA[
		See the <a href="#note">note</a> at the bottom of this table.&#42;
	]]></description></error>
 
   <error id="1051" label="kIllegalEarlyBindingError">
    %1에 대한 초기 바인딩 액세스가 잘못되었습니다.
    <description><![CDATA[
		See the <a href="#note">note</a> at the bottom of this table.&#42;
	]]></description></error>
 
   <error id="1052" label="kInvalidURIError">
    %1 함수에 유효하지 않은 URI가 전달되었습니다.
    <description><![CDATA[
		See the <a href="#note">note</a> at the bottom of this table.&#42;
	]]></description></error>
 
   <error id="1053" label="kIllegalOverrideError">
    %2의 %1에 대한 재정의가 잘못되었습니다.
    <description><![CDATA[
		See the <a href="#note">note</a> at the bottom of this table.&#42;
	]]></description></error>
 
   <error id="1054" label="kIllegalExceptionHandlerError">
    예외 핸들러의 범위 또는 대상 오프셋이 잘못되었습니다.
    <description><![CDATA[
		See the <a href="#note">note</a> at the bottom of this table.&#42;
	]]></description></error>
 <!-- obsolete
  <error id="1055" label="kHasNoPropertiesTypeError">%S has no properties</error>
  -->
  <error id="1056" label="kWriteSealedError">
    %2에 속성 %1을(를) 만들 수 없습니다.
    <description><![CDATA[
	You are trying to assign a value to a nonexistent property on an instance of a non-dynamic 
	class. This is only possible for instances of dynamic classes]]></description></error>
  
 <error id="1057" label="kIllegalSlotError">
    %1은(는) 메서드만 포함할 수 있습니다.
    <description><![CDATA[
		See the <a href="#note">note</a> at the bottom of this table.&#42;
	]]></description></error>
 
   <error id="1058" label="kIllegalOperandTypeError">
    피연산자 유형이 잘못되었습니다. %1은(는) %2이어야 합니다.
    <description><![CDATA[
		See the <a href="#note">note</a> at the bottom of this table.&#42;
	]]></description></error>
 
   <error id="1059" label="kClassInfoOrderError">
    정의하기 전에 ClassInfo-%1을(를) 참조합니다.
    <description><![CDATA[
		See the <a href="#note">note</a> at the bottom of this table.&#42;
	]]></description></error>
 
  <error id="1060" label="kClassInfoExceedsCountError">
    ClassInfo %1이(가) class_count=%2을(를) 초과했습니다.
    <description><![CDATA[
		See the <a href="#note">note</a> at the bottom of this table.&#42;
	]]></description></error>
 
  
<error id="1061" label="kNumberOutOfRangeError">
    정밀도의 손상 없이는 값 %1을(를) %2(으)로 변환할 수 없습니다.
    <description><![CDATA[
	
		This error appears if you attempt to assign a decimal number to a property that has data type 
		int.
		
		<p>This error also appears for out-of-range assignments, such as the following:</p>
		
		<pre><code>var m0:int = 2147483648; // int.MAX_VALUE == 2147483647</code></pre>		
		<p>You can also see this error when using the bitwise left shift operator (&lt&lt).
		For example, consider the following code:</p>
		
		<pre><code>var m0:uint = 0xFF;
var m1:uint = m0&lt&lt24;</code></pre>
		
		<p>The result of left shift operator (&lt&lt) is interpreted as a 32-bit two's complement number 
		with sign. In the example, the result is a negative value, which causes the error when assigned
		to the uint typed property. A workaround is the following:</p>
		
		<pre><code>var m0:uint = 0xFF;
var m1:uint = uint(m0&lt;&lt;24);</code></pre>
	
	]]></description></error>
   <!--<error id="1062" label="kPackageCircularityError">Package %a imported while being defined</error>-->
  <error id="1063" label="kWrongArgumentCountError">%1에서 인수 개수가 일치하지 않습니다. %2개가 필요하지만 %3개가 있습니다.</error>
  <error id="1064" label="kCannotCallMethodAsConstructor">
    메서드 %1을(를) 생성자로 호출할 수 없습니다.
    <description><![CDATA[
	Extracted methods are permanently bound to the object they are extracted from. 
	Therefore, they can not later be called as a constructor. For example, the following 
	creates function <code>f()</code> in Class A:
 	<pre><code>class A {
	   function f() {}
	}</code></pre>
	In the following code, extracting the function causes no error. However, creating 
	a new instance of the function causes an error.
	<pre><code>var a = new A()
	var m = a.f // extract f, don't call it
	m() // same as a.f()
	new m() // causes this error</code></pre>
	
	]]></description></error>
  <error id="1065" label="kUndefinedVarError">
    변수 %1이(가) 정의되어 있지 않습니다.
    <description><![CDATA[
	You are using an undefined lexical reference. For example, in the following statements, the 
	statement <code>trace(x)</code> generates an error because <code>x</code> is undefined. However, the 
	statement <code>trace(y)</code> doesn't generate an error because <code>y</code> is defined:
 	<pre><code>trace("hello world")
	trace(x) // x is undefined
	var y
	trace(y) // No error, y is defined.</code></pre>
	]]></description></error>
  <error id="1066" label="kFunctionConstructorError">
    양식 함수('함수 본문')는 지원되지 않습니다.
    <description><![CDATA[
	Unlike JavaScript, Flash does not compile code on-the-fly using <code>eval()</code> and 
	<code>function()</code>.  Thus, calling these as a constructor in ActionScript 3.0 generates this error.
	]]></description></error>
  
<error id="1067" label="kIllegalNativeMethodBodyError">
    기본 메서드 %1의 메서드 본문이 잘못되었습니다.
    <description><![CDATA[
		See the <a href="#note">note</a> at the bottom of this table.&#42;
	]]></description></error>
 
  
<error id="1068" label="kCannotMergeTypesError">
    %1과(와) %2을(를) 조정할 수 없습니다.
    <description><![CDATA[
		See the <a href="#note">note</a> at the bottom of this table.&#42;
	]]></description></error>
 
   <error id="1069" label="kReadSealedError">
    %2에서 속성 %1을(를) 찾을 수 없습니다. 기본값이 없습니다.
    <description><![CDATA[
	You are referencing an undefined property on a non-dynamic class instance. For example, the following generates this error when it references property 
	<code>x</code>, which is not defined and cannot be created dynamically: 	
	<pre><code>class A {} // sealed class, not dynamic
	trace(new A().x) // no property x defined on A, and A is not dynamic</code></pre>
	]]></description></error>
  <error id="1070" label="kCallNotFoundError">
    %2에서 메서드 %1을(를) 찾을 수 없습니다.
    <description><![CDATA[
	You are using a <code>super</code> statement to call a function, but the function doesn't exist in the super class. 
	For example, the following code generates the error:	<pre><code>class A() {}
class B extends A {
  function f() { trace(super.f()); } // error 1070, there is no f on A
}</code></pre>
	]]></description></error>
  <error id="1071" label="kAlreadyBoundError">함수 %1이(가) 이미 %2에 바인딩되었습니다.</error>
  
<error id="1072" label="kZeroDispIdError">
    Disp_id 0이 잘못되었습니다.
    <description><![CDATA[
		See the <a href="#note">note</a> at the bottom of this table.&#42;
	]]></description></error>
 
   <error id="1073" label="kDuplicateDispIdError">
    복제된 disp_id %2(으)로 인해 재정의되지 않은 메서드 %1이(가) 대체되었습니다.
    <description><![CDATA[
		See the <a href="#note">note</a> at the bottom of this table.&#42;
	]]></description></error>
  
<error id="1074" label="kConstWriteError">%2의 읽기 전용 속성 %1에는 쓸 수 없습니다.</error>
  <error id="1075" label="kMathNotFunctionError">
    Math는 함수가 아닙니다.
    <description><![CDATA[
	You are trying to call <code>math()</code> as a function, but the Math class is a class with static methods.
	]]></description></error>
  <error id="1076" label="kMathNotConstructorError">
    Math는 생성자가 아닙니다.
    <description><![CDATA[
	You can not instantiate the Math class. 
 	]]></description></error>
 
  <error id="1077" label="kWriteOnlyError">%2의 쓰기 전용 속성 %1은(는) 읽을 수 없습니다.</error>
   <error id="1078" label="kIllegalOpMultinameError">
    잘못된 opcode/multiname 조합입니다. %1&lt;%2&gt;.
    <description><![CDATA[
		See the <a href="#note">note</a> at the bottom of this table.&#42;
	]]></description></error>
 
   <error id="1079" label="kIllegalNativeMethodError">
    로드된 코드에는 기본 메서드를 사용할 수 없습니다.
    <description><![CDATA[
		See the <a href="#note">note</a> at the bottom of this table.&#42;
	]]></description></error>
 
   <error id="1080" label="kIllegalNamespaceError">
    네임스페이스의 값이 잘못되었습니다.
    <description><![CDATA[
		See the <a href="#note">note</a> at the bottom of this table.&#42;
	]]></description></error>
 
 
  <error id="1081" label="kReadSealedErrorNs">속성 %1을(를) %2에서 찾을 수 없습니다. 기본값이 없습니다.</error>
 <!--<error id="1081" label="kIllegalMultinameCallError">Illegal call to %1</error>-->  
 
 <error id="1082" label="kNoDefaultNamespaceError">
    기본 네임스페이스가 설정되지 않았습니다.
    <description><![CDATA[
		See the <a href="#note">note</a> at the bottom of this table.&#42;
	]]></description></error>
 
   <error id="1083" label="kXMLPrefixNotBound">
    요소 "%2"에 대한 접두어 "%1"이(가) 바인딩되지 않았습니다.
    <description><![CDATA[
	An attribute name or element name has a prefix but no matching namespace was 
	found. This statement generates an error because there is no <code>foo</code> 
	namespace to match <code>foo:x</code>:<pre/>&lt;foo:x xmlns:clowns='http://circuscenter.org'&gt;</pre>
		]]></description></error>
 
  <error id="1084" label="kXMLBadQName">
    요소 또는 속성("%1")이 QName 생성 규칙과 일치하지 않습니다. QName::=(NCName':')?NCName
    <description><![CDATA[
	You have <code>foo: </code> or <code>:foo</code> as an element or attribute name, but there is nothing 
	on the other side of the colon.	
	]]></description></error>
  <error id="1085" label="kXMLUnterminatedElementTag">요소 유형 "%1"은(는) 일치하는 끝 태그 "&lt;/%2&gt;"(으)로 끝나야 합니다.</error>
  <error id="1086" label="kXMLOnlyWorksWithOneItemLists">
    %1 메서드는 항목 하나를 포함한 목록에서만 작동합니다.
    <description><![CDATA[
	The XMLList class propagates the XML-specific functions to one child if it has only one 
	item in its list. If more than one item is in the list, the routines fail with this 
	error. This happens for the following XMLList functions that mimic XML functions: 	
	<p><code>addNamespace</code>, <code>appendChild</code>,  <code>childIndex</code>,  	
	<code>inScopeNamespaces</code>,  <code>insertChildAfter</code>,  <code>insertChildBefore</code>,  	
	<code>name</code>,  <code>namespace</code>,  <code>localName</code>,  <code>namespaceDeclarations</code>,  	
	<code>nodeKind</code>,  <code>prependChild</code>,  <code>removeNamespace</code>,  <code>replace</code>,  	
	<code>setChildren</code>,  <code>setLocalName</code>,  <code>setName</code>,  and <code>setNamespace.
 
	]]></description></error>
  <error id="1087" label="kXMLAssignmentToIndexedXMLNotAllowed">인덱싱된 XML에 할당할 수 없습니다.</error>
  <error id="1088" label="kXMLMarkupMustBeWellFormed">
    루트 요소 다음에 나오는 문서 내의 태그는 올바른 형식이어야 합니다.
    <description><![CDATA[
	These are possible causes of this error:
	<ul>
	<li>Parsing an XMLList style object as XML</li>
	<li>Misbalanced strings</li>
	</ul>	
	]]></description></error>
 
  <error id="1089" label="kXMLAssigmentOneItemLists">둘 이상의 항목이 있는 목록에 할당이 지원되지 않습니다.</error>
  <error id="1090" label="kXMLMalformedElement">
    XML 파서 실패: 요소가 잘못되었습니다.
    <description><![CDATA[
	An element name is malformed. This example of an element name is malformed because a 
	trailing right angle bracket <code>></code> is missing:
 
	<pre>&lt;a/&gt;&lt;b&gt;&lt;/b</pre>	]]></description></error>
 
  <error id="1091" label="kXMLUnterminatedCData">XML 파서 실패: CDATA 섹션이 종결되지 않았습니다.</error>
  <error id="1092" label="kXMLUnterminatedXMLDecl">XML 파서 실패: XML 선언이 종결되지 않았습니다.</error>
  <error id="1093" label="kXMLUnterminatedDocTypeDecl">XML 파서 실패: DOCTYPE 선언이 종결되지 않았습니다.</error>
  <error id="1094" label="kXMLUnterminatedComment">XML 파서 실패: 주석이 종결되지 않았습니다.</error>
  <error id="1095" label="kXMLUnterminatedAttribute">XML 파서 실패: 속성이 종결되지 않았습니다.</error>
  <error id="1096" label="kXMLUnterminatedElement">XML 파서 실패: 요소가 종결되지 않았습니다.</error>
  <error id="1097" label="kXMLUnterminatedProcessingInstruction">XML 파서 실패: 처리 명령이 종결되지 않았습니다.</error>
  <error id="1098" label="kXMLNamespaceWithPrefixAndNoURI">
    네임스페이스 없음에 대한 접두어 %1이(가) 잘못되었습니다.
    <description><![CDATA[
	The namespace constructor throws this error if you try to pass in an empty URI with a 
	non-empty prefix as in this example:
 
<pre>ns = new Namespace ("prefix", "");
	]]></description></error>
 
  <!--<error id="1099" label="kNullArgumentError">Argument %s cannot be null.</error>-->
  <error id="1100" label="kRegExpFlagsArgumentError">
    다른 RegExp로부터 하나의 RegExp를 만드는 경우 플래그를 제공할 수 없습니다.
    <description><![CDATA[
	Creating a new regular expression from an existing one also copies its flags. To create a regular expression with 
	different flags, use the <code>new</code> operator and set the flags as desired. For example, this statement 
	creates a regular expression and specifies flag settings:
	<pre><code>var re:RegExp = new RegExp("ali", /s)</code></pre>
	Alternatively, this statement creates a regular expression that has the same flags as re:
	<pre><code>var re2:RegExp = new RegExp(re, ...)</code></pre> 	]]></description></error>
  
   <error id="1101" label="kNoScopeError">
    범위를 알 수 없는 메서드 %1은(는) 확인할 수 없습니다.
    <description><![CDATA[
		See the <a href="#note">note</a> at the bottom of this table.&#42;
	]]></description></error>
 
   <error id="1102" label="kIllegalDefaultValue">
    유형 %1의 기본값이 잘못되었습니다.
    <description><![CDATA[
		See the <a href="#note">note</a> at the bottom of this table.&#42;
	]]></description></error>
 
   <error id="1103" label="kCannotExtendFinalClass">
    클래스 %1은(는) 최종 기본 클래스를 확장할 수 없습니다.
    <description><![CDATA[
		See the <a href="#note">note</a> at the bottom of this table.&#42;
	]]></description></error>
 
   <error id="1104" label="kXMLDuplicateAttribute">속성 "%1"이(가) 요소 "%2"에 대해 이미 지정되었습니다.</error>
  <!--<error id="1105" label="kStringIndexOutOfBoundsError">The string index %d is out of bounds; must be in range %d to %d.</error>-->
  <!--<error id="1106" label="kInvalidRangeError">The range specified is invalid.</error>-->
  <error id="1107" label="kCorruptABCError">
    ABC 데이터가 손상되었으며 범위를 벗어나는 읽기를 시도합니다.
    <description><![CDATA[
		See the <a href="#note">note</a> at the bottom of this table.&#42;
	]]></description></error>
 
  <error id="1108" label="kInvalidBaseClassError">
    OP_newclass opcode가 잘못된 기본 클래스에서 사용되었습니다.
    <description><![CDATA[
		See the <a href="#note">note</a> at the bottom of this table.&#42;
	]]></description></error>
 
  <error id="1109" label="kDanglingFunctionError">
    언바운드 함수 %1을(를) 메서드 %2(으)로부터 직접 호출하려고 시도합니다.
    <description><![CDATA[
		See the <a href="#note">note</a> at the bottom of this table.&#42;
	]]></description></error>
 
  <error id="1110" label="kCannotExtendError">
    %1은(는) %2을(를) 확장할 수 없습니다.
    <description><![CDATA[
		See the <a href="#note">note</a> at the bottom of this table.&#42;
	]]></description></error>
 
  <error id="1111" label="kCannotImplementError">
    %1은(는) %2을(를) 구현할 수 없습니다.
    <description><![CDATA[
		See the <a href="#note">note</a> at the bottom of this table.&#42;
	]]></description></error>
 
   <error id="1112" label="kCoerceArgumentCountError">인수 개수가 클래스 강제 변환 시 일치하지 않습니다.  1개가 필요하지만 %1개가 있습니다.</error>
   <error id="1113" label="kInvalidNewActivationError">
    NEED_ACTIVATION 플래그가 없는 메서드에 OP_newactivation이 사용되었습니다.
    <description><![CDATA[
		See the <a href="#note">note</a> at the bottom of this table.&#42;
	]]></description></error>
 
  <error id="1114" label="kNoGlobalScopeError">
    전역 범위 없이 OP_getglobalslot 또는 OP_setglobalslot이 사용되었습니다.
    <description><![CDATA[
		See the <a href="#note">note</a> at the bottom of this table.&#42;
	]]></description></error>
 
  <error id="1115" label="kNotConstructorError">%1은(는) 생성자가 아닙니다.</error>
  <error id="1116" label="kApplyError">Function.prototype.apply의 두 번째 인수는 배열이어야 합니다.</error>
  <error id="1117" label="kXMLInvalidName">잘못된 XML 이름: %1</error>
  <error id="1118" label="kXMLIllegalCyclicalLoop">노드 사이의 순환 루프가 잘못되었습니다.</error>
  <error id="1119" label="kDeleteTypeError">유형 %1의 피연산자에 대해서는 Delete 연산자가 지원되지 않습니다.</error>
  <error id="1120" label="kDeleteSealedError">%2의 속성 %1을(를) 삭제할 수 없습니다.</error>
  <error id="1121" label="kDuplicateMethodBodyError">메서드 %1에 복제된 메서드 본문이 있습니다.</error>
   <error id="1122" label="kIllegalInterfaceMethodBodyError">인터페이스 메서드 %1에 잘못된 메서드 본문이 있습니다.</error>
  <error id="1123" label="kFilterError">유형 %1에서는 필터 연산자가 지원되지 않습니다.</error>  
  <error id="1124" label="kInvalidHasNextError">OP_hasnext2는 개별 레지스터가 되려면 객체 및 인덱스가 있어야 합니다.</error>
  <error id="1125" label="kOutOfRangeError">인덱스 %1이(가) 범위 %2을(를) 벗어났습니다.</error>
  <error id="1126" label="kVectorFixedError">고정된 벡터의 길이를 변경할 수 없습니다.</error>
  <error id="1127" label="kTypeAppOfNonParamType">매개 변수가 없는 유형에서 유형을 적용하려고 했습니다.</error>
  <error id="1128" label="kWrongTypeArgCountError">%1에 대한 형식 매개 변수의 개수가 잘못되었습니다. %2개가 필요하지만 %3개가 있습니다.</error>

  <!-- The following errors are specific to the AVM2 command-line shell.-->  
  <error id="1500" hidden="true" label="kFileOpenError">파일 %1을(를) 여는 동안 오류가 발생했습니다.</error>
  <error id="1501" hidden="true" label="kFileWriteError">
    파일 %1에 쓰는 동안 오류가 발생했습니다.
    <description><![CDATA[
		The file you are writing to cannot be opened. Possibly the filename contains an error, the file is read-only, or 
		you do not have access privileges.
	  	]]></description>
		</error>
  <error id="1502" label="kScriptTimeoutError">
    스크립트 실행 시간이 기본 제한 시간인 15초를 초과했습니다.
    <description><![CDATA[
		A script executed after the timeout period. (The default timeout period is 15 seconds.) After this error occurs, the 
		script can continue to execute for 15 seconds more, after which the script terminates and throws run-time error number 1503 (A script failed to exit after 30 seconds and was terminated.)  
	]]></description>
 </error>
  <error id="1503" label="kScriptTerminatedError">
    스크립트가 30초 후에도 끝나지 않아 종료했습니다.
    <description><![CDATA[
	  The script was still executing after 30 seconds. Flash Player first throws run-time error number 1502 (A script has executed for longer than the default timeout period of 15 seconds.) if the script executed more than 15 
	  seconds, which is the default timeout period. This error occurs 15 seconds after Error 1502 occurs.  
	]]></description></error>
	 <error id="1504" hidden="true" label="kEndOfFileError">
    파일의 끝입니다.
    <description><![CDATA[
	  Flash Player unexpectedly encountered the end of the file. Possibly the file was not saved correctly or Flash Player expected more data 
	  in the file.
	]]></description>  
  </error>
  <error id="1505" hidden="true" label="kStringIndexOutOfBoundsError">문자열 인덱스 %1이(가) 범위를 벗어났습니다. %2와 %3 사이의 범위에 있어야 합니다.</error>
  <error id="1506" hidden="true" label="kInvalidRangeError">
    유효하지 않은 범위가 지정되었습니다.
    <description><![CDATA[
	The method's <code>start</code> parameter is greater than its <code>end</code> parameter.
	]]></description></error>
  <error id="1507" label="kNullArgumentError">인수 %1은(는) null일 수 없습니다.</error>
  <error id="1508" label="kInvalidArgumentError">
    인수 %1에 지정된 값이 유효하지 않습니다.
    <description><![CDATA[
	You are possibly trying to pass the wrong data type. For example, the code
	<pre><code>public function doSomething(const:int):void {
	}
	this ["doSomething"] ("str")</code></pre> 
	generates an error at runtime because <code>doSomething</code> is cast as an int data type.	]]></description></error>
 
  <error id="1509" hidden="true" label="kShellCompressedDataError">
    데이터의 압축을 푸는 동안 오류가 발생했습니다.
    <description><![CDATA[
	The de-compressor reached the end of the stream, but more data was expected. The compressed data 
	stream is probably corrupted.
	]]></description></error>
  <error id="1510" label="kArrayFilterNonNullObjectError">콜백 인수가 클래스의 메서드인 경우 선택적 인수 'this'는 null이어야 합니다.</error>
</errors>
