﻿<?xml version='1.0' encoding='utf-8' standalone='no' ?>
<!-- ***** BEGIN LICENSE BLOCK *****
 * Version: MPL 1.1/GPL 2.0/LGPL 2.1
 *
 * The contents of this file are subject to the Mozilla Public License Version
 * 1.1 (the "License"); you may not use this file except in compliance with
 * the License. You may obtain a copy of the License at
 * http://www.mozilla.org/MPL/
 *
 * Software distributed under the License is distributed on an "AS IS" basis,
 * WITHOUT WARRANTY OF ANY KIND, either express or implied. See the License
 * for the specific language governing rights and limitations under the
 * License.
 *
 * The Original Code is [Open Source Virtual Machine.].
 *
 * The Initial Developer of the Original Code is
 * Adobe System Incorporated.
 * Portions created by the Initial Developer are Copyright (C) 2004-2006
 * the Initial Developer. All Rights Reserved.
 *
 * Contributor(s):
 *   Adobe AS3 Team
 *
 * Alternatively, the contents of this file may be used under the terms of
 * either the GNU General Public License Version 2 or later (the "GPL"), or
 * the GNU Lesser General Public License Version 2.1 or later (the "LGPL"),
 * in which case the provisions of the GPL or the LGPL are applicable instead
 * of those above. If you wish to allow use of your version of this file only
 * under the terms of either the GPL or the LGPL, and not to allow others to
 * use your version of this file under the terms of the MPL, indicate your
 * decision by deleting the provisions above and replace them with the notice
 * and other provisions required by the GPL or the LGPL. If you do not delete
 * the provisions above, a recipient may use your version of this file under
 * the terms of any one of the MPL, the GPL or the LGPL.
 *
 * ***** END LICENSE BLOCK ***** -->
 
<errors>  This table contains all of the error messages generated by core 
  avmplus.  This will likely be replaced by a resource table      
  for easy localization.   
  %o = ScriptObject* 
  %t = Traits* 
  %m = MethodInfo* 
  %n = Multiname (name portion only)
  %N = Multiname (namespace portion only)
  %a = Atom 
  %d = int 
  %f = double 
  %S = Stringp 
  %s = char*   
  
  <error id="1000" label="kOutOfMemoryError">Brak pamięci w systemie.
<description><![CDATA[
		Flash Player needs more memory to compile your code than your system has available. 
		Close some of the applications or processes running on your system.
	]]></description></error>
 
  <error id="1001" label="kNotImplementedError">Metoda %1 nie jest implementowana.</error>
  <error id="1002" label="kInvalidPrecisionError">We właściwości Number.toPrecision można ustawić wartość z zakresu od 1 do 21. We właściwości Number.toFixed i Number.toExponential można ustawić wartość z zakresu od 0 do 20. Określona wartość wykracza poza oczekiwany zakres.
<description><![CDATA[
		You specified a value that is not within the expected range of the <code>precision</code> argument. Number.toPrecision has a range of 1 to 21. Number.toFixed and Number.toExponential have a range of 0 to 20.		
	]]></description></error>
 
  <error id="1003" label="kInvalidRadixError">W argumencie podstawy można ustawić wartość z zakresu od 2 do 36. Bieżąca wartość to %1.
     <description><![CDATA[
		You passed a value less than 2 or greater than 36 for the <code>radix</code> argument of a method or property. 
		Pass a value between 2 and 36 as a <code>radix</code> argument.
	]]></description>  </error>
  <error id="1004" label="kInvokeOnIncompatibleObjectError">Metoda %1 została wywołana w stosunku do niezgodnego obiektu.
<description><![CDATA[
		You tried to call a method that is not available to the specified object. This error occurs when 
		you have copied a prototype function from one object to another, and then invoked it, but the 
		target object is not the same type as the original object. Ensure that the target object and 
		original object are the same type. See the ECMAScript Language Specification, 3rd Edition, Chapter 15 for more details.
	]]></description></error>
  
  <!-- ISSUE jsshell reports "invalid array length" -->
<error id="1005" label="kArrayIndexNotIntegerError">Wartość indeksu tablicy nie jest dodatnią liczbą całkowitą (%1).
<description><![CDATA[
		You tried to access a member of an array using an index value that is not a positive integer. Pass only positive integers as index values for arrays.
	]]></description></error>
 
  
<error id="1006" label="kCallOfNonFunctionError">Wyrażenie %1 nie jest funkcją.
<description><![CDATA[
		This error occurs when you attempt to call a function that does not exist. 
		Make sure you are calling the correct function, and that the API has 
		not changed from ActionScript 2.0. Also, make sure you are using the correct
		object. For example, you will see this error when you use the following code 
		(because the last line mistakenly calls the variable <code>big</code> instead 
		of <code>blg</code>): 
		
		<pre><code>var blg:String = "foo";
var big:Sprite = new Sprite();
var error:int = big.length(); </code></pre>
	]]></description></error>
  <error id="1007" label="kConstructOfNonFunctionError">Podjęto próbę utworzenia instancji na podstawie elementu, który nie jest konstruktorem.</error>
  <error id="1008" label="kAmbiguousBindingError">Wartość %1 jest niejednoznaczna. Znaleziono więcej niż jedno pasujące powiązanie.</error>
  <error id="1009" label="kConvertNullToObjectError">Nie można uzyskać dostępu do właściwości lub metody dla odniesienia do obiektu null.
<description><![CDATA[
	An object that evaluates to <code>null</code> can have no properties. This error can occur in some unexpected 
	(though valid) situations. For example, consider the following code, which creates a Sprite
	object. Because this Sprite object is never added to the display list (through the 
	<code>addChild()</code> method of a DisplayObjectContainer object), its <code>stage</code>
	property is set to <code>null</code>. Thus, the example generates this error because Sprite object's <code>stage</code> property 
	cannot have any properties:
	
	<pre><code>import flash.display.Sprite;
var sprite1:Sprite = new Sprite();
var q:String = sprite1.stage.quality;</code></pre>
	]]></description></error>
 
  <error id="1010" label="kConvertUndefinedToObjectError">Zapytanie szukania nie zostało zdefiniowane i nie zawiera żadnych właściwości.
<description><![CDATA[
		This error can occur if you try to access a property of an object that does not exist. For example:
		<pre><code>var obj:Object = new Object();
obj.a = "foo";
trace(obj.b.prop);</code></pre>
		
		<p>You can also see this error because of a misspelling, for example in the following, where
		<code>mc</code> represents a MovieClip object in the display list, and the <code>stage</code>
		property is misspelled with a capital S (it should be <code>stage</code>):</p>
		
		<pre><code>trace(mc.Stage.quality);</code></pre>
		
	
	]]></description></error>
  <error id="1011" label="kIllegalOpcodeError">Metoda %1 zawiera nieprawidłową kombinację kodu operacji %2 z przesunięciem %3.
<description><![CDATA[
		See the <a href="#note">note</a> at the bottom of this table.&#42;
	]]></description></error>
 
  <error id="1012" label="kLastInstExceedsCodeSizeError">Ostatnia instrukcja spowodowała przekroczenie rozmiaru kodu.
<description><![CDATA[
		See the <a href="#note">note</a> at the bottom of this table.&#42;
	]]></description></error>
 
   <error id="1013" label="kFindVarWithNoScopeError">Nie można wywołać metody OP_findproperty, gdy właściwość scopeDepth ma wartość 0.
<description><![CDATA[
		See the <a href="#note">note</a> at the bottom of this table.&#42;
	]]></description></error>
 
   <error id="1014" label="kClassNotFoundError">Nie znaleziono klasy %1.</error>
   <error id="1015" label="kIllegalSetDxns">Metoda %1 nie może ustawić domyślnej przestrzeni nazw xml.
<description><![CDATA[
		See the <a href="#note">note</a> at the bottom of this table.&#42;
	]]></description></error>
 
   <error id="1016" label="kDescendentsError">Operator obiektów potomnych (..) nie jest obsługiwany dla typu %1.</error>
   <error id="1017" label="kScopeStackOverflowError">Nastąpiło przepełnienie stosu zakresu.
<description><![CDATA[
		See the <a href="#note">note</a> at the bottom of this table.&#42;
	]]></description></error>
 
   <error id="1018" label="kScopeStackUnderflowError">Nastąpiło niedopełnienie stosu zakresu.
<description><![CDATA[
		See the <a href="#note">note</a> at the bottom of this table.&#42;
	]]></description></error>
 
   <error id="1019" label="kGetScopeObjectBoundsError">Właściwość Getscopeobject %1 wykracza poza zakres.
<description><![CDATA[
		See the <a href="#note">note</a> at the bottom of this table.&#42;
	]]></description></error>
   <error id="1020" label="kCannotFallOffMethodError">Kod nie może być zawijany na końcu metody.
<description><![CDATA[
		See the <a href="#note">note</a> at the bottom of this table.&#42;
	]]></description></error>
 
   <error id="1021" label="kInvalidBranchTargetError">Co najmniej jeden element docelowy rozgałęzienia w metodzie zawiera nieprawidłową instrukcję.
<description><![CDATA[
		See the <a href="#note">note</a> at the bottom of this table.&#42;
	]]></description></error>
 
   <error id="1022" label="kIllegalVoidError">Typ void może być używany tylko jako zwracany typ funkcji.
<description><![CDATA[
		See the <a href="#note">note</a> at the bottom of this table.&#42;
	]]></description></error>
 
   <error id="1023" label="kStackOverflowError">Nastąpiło przepełnienie stosu.
<description><![CDATA[
		See the <a href="#note">note</a> at the bottom of this table.&#42;
	]]></description></error>
 
  <error id="1024" label="kStackUnderflowError">Nastąpiło niedopełnienie stosu.
<description><![CDATA[
		See the <a href="#note">note</a> at the bottom of this table.&#42;
	]]></description></error>
 
  <error id="1025" label="kInvalidRegisterError">Uzyskano dostęp do nieprawidłowego rejestru %1.
<description><![CDATA[
		See the <a href="#note">note</a> at the bottom of this table.&#42;
	]]></description></error>
 
  <error id="1026" label="kSlotExceedsCountError">Element Slot %1 przekracza wartość %3 właściwości slotCount=%2.
<description><![CDATA[
		See the <a href="#note">note</a> at the bottom of this table.&#42;
	]]></description></error>
 
  <error id="1027" label="kMethodInfoExceedsCountError">Wartość method_info %1 przekracza wartość method_count=%2.
<description><![CDATA[
		See the <a href="#note">note</a> at the bottom of this table.&#42;
	]]></description></error>
 
  <error id="1028" label="kDispIdExceedsCountError">Wartość disp_id %1 przekracza wartość %3 właściwości max_disp_id=%2.
<description><![CDATA[
		See the <a href="#note">note</a> at the bottom of this table.&#42;
	]]></description></error>
 
  <error id="1029" label="kDispIdUndefinedError">Właściwość disp_id %1 nie została zdefiniowana w elemencie %2.
<description><![CDATA[
		See the <a href="#note">note</a> at the bottom of this table.&#42;
	]]></description></error>
 
  <error id="1030" label="kStackDepthUnbalancedError">Głębokość stosu nie zgadza się. %1 != %2.
<description><![CDATA[
		See the <a href="#note">note</a> at the bottom of this table.&#42;
	]]></description></error>
 
  <error id="1031" label="kScopeDepthUnbalancedError">Głębokość zakresu nie zgadza się. %1 != %2.
<description><![CDATA[
		See the <a href="#note">note</a> at the bottom of this table.&#42;
	]]></description></error>
 
   <error id="1032" label="kCpoolIndexRangeError">Indeks Cpool %1 wykracza poza zakres %2.
<description><![CDATA[
		See the <a href="#note">note</a> at the bottom of this table.&#42;
	]]></description></error>
 
   <error id="1033" label="kCpoolEntryWrongTypeError">Wpis Cpool %1 jest nieprawidłowego typu.
<description><![CDATA[
		See the <a href="#note">note</a> at the bottom of this table.&#42;
	]]></description></error>
 
   <error id="1034" label="kCheckTypeFailedError">Wymuszenie typu nie powiodło się: nie można przekonwertować typu %1 na typ %2.</error>
 
   <error id="1035" label="kIllegalSuperCallError">W metodzie %1 znaleziono nieprawidłowe wyrażenie super.
<description><![CDATA[
		See the <a href="#note">note</a> at the bottom of this table.&#42;
	]]></description></error>
   
   <!-- <error id="1036" label="kUncaughtExceptionWarning">The VM exited due to an uncaught exception.</error> -->  
   
   <error id="1037" label="kCannotAssignToMethodError">Przypisanie do metody %1 w %2 jest niemożliwe.
<description><![CDATA[
		See the <a href="#note">note</a> at the bottom of this table.&#42;
	]]></description></error>
 
  
<error id="1038" label="kRedefinedError">Element %1 został już zdefiniowany.
<description><![CDATA[
		You cannot declare a variable or function with the same identifier name more than once 
		within the same scope. 
		In ActionScript 3.0, different code blocks (such as those used in two <code>for</code> loops
		in the same <code>function</code> definition) are considered to be in the same scope.
		See the <a href="#note">note</a> at the bottom of this table.&#42;
	]]></description></error>
 
  <error id="1039" label="kCannotVerifyUntilReferencedError">Nie można sprawdzić metody, dopóki nie zostanie utworzone odniesienie do niej.
<description><![CDATA[
		See the <a href="#note">note</a> at the bottom of this table.&#42;
	]]></description></error>
 
   <error id="1040" label="kCantUseInstanceofOnNonObjectError">Prawa strona operatora instanceof musi być klasą lub funkcją.
<description><![CDATA[
		The expression on the right side of the <code>instanceof</code> operator must be a class or function.
	]]></description></error>
  <error id="1041" label="kIsTypeMustBeClassError">Prawa strona operatora musi być klasą.
<description><![CDATA[
		The expression on the right side of the <code>is</code> operator must be a class.
	]]></description></error>
   <error id="1042" label="kInvalidMagicError">Plik nie jest plikiem ABC. major_version=%1 minor_version=%2.
<description><![CDATA[
You are attempting to use an  invalid file with the player: the tool that generates the SWF may be out of date or the SWF itself may be corrupt.
	]]></description></error>
   <error id="1043" label="kInvalidCodeLengthError">Nieprawidłowa wartość wartość code_length=%1.
<description><![CDATA[
		See the <a href="#note">note</a> at the bottom of this table.&#42;
	]]></description></error>
 
   <error id="1044" label="kInvalidMethodInfoFlagsError">Nieobsługiwane flagi methodinfo %1=%2.
<description><![CDATA[
		See the <a href="#note">note</a> at the bottom of this table.&#42;
	]]></description></error>
 
 
 <error id="1045" label="kUnsupportedTraitsKindError">Nieobsługiwanych rodzaj cech=%1.
<description><![CDATA[
		See the <a href="#note">note</a> at the bottom of this table.&#42;
	]]></description></error>
 
   <error id="1046" label="kMethodInfoOrderError">Odniesienie do methodInfo-%1 utworzono przed definicją.
<description><![CDATA[
		See the <a href="#note">note</a> at the bottom of this table.&#42;
	]]></description></error>
 
   <error id="1047" label="kMissingEntryPointError">Nie znaleziono punktu wejścia.
<description><![CDATA[
		See the <a href="#note">note</a> at the bottom of this table.&#42;
	]]></description></error>
   <!--<error id="1048" label="kNativeMethodNotFoundError">Native method not found: %a.</error>-->  
   
   <error id="1049" label="kPrototypeTypeError">Obiekty prototypowe muszą być zwykłego typu Object.
<description><![CDATA[
		See the <a href="#note">note</a> at the bottom of this table.&#42;
	]]></description></error>
 
   <error id="1050" label="kConvertToPrimitiveError">Nie można przekonwertować %1 na obiekt pierwotny.
<description><![CDATA[
		See the <a href="#note">note</a> at the bottom of this table.&#42;
	]]></description></error>
 
   <error id="1051" label="kIllegalEarlyBindingError">Nieprawidłowy wczesny dostęp wiązania do %1.
<description><![CDATA[
		See the <a href="#note">note</a> at the bottom of this table.&#42;
	]]></description></error>
 
   <error id="1052" label="kInvalidURIError">Nieprawidłowy identyfikator URI przekazany do funkcji %1.
<description><![CDATA[
		See the <a href="#note">note</a> at the bottom of this table.&#42;
	]]></description></error>
 
   <error id="1053" label="kIllegalOverrideError">Nieprawidłowe przesłonięcie %1 w %2.
<description><![CDATA[
		See the <a href="#note">note</a> at the bottom of this table.&#42;
	]]></description></error>
 
   <error id="1054" label="kIllegalExceptionHandlerError">Nieprawidłowy zakres lub przesunięcie celu w module obsługi wyjątków.
<description><![CDATA[
		See the <a href="#note">note</a> at the bottom of this table.&#42;
	]]></description></error>
 <!-- obsolete
  <error id="1055" label="kHasNoPropertiesTypeError">%S has no properties</error>
  -->
  <error id="1056" label="kWriteSealedError">Nie można utworzyć właściwości %1 w %2.
<description><![CDATA[
	You are trying to assign a value to a nonexistent property on an instance of a non-dynamic 
	class. This is only possible for instances of dynamic classes]]></description></error>
  
 <error id="1057" label="kIllegalSlotError">%1 może zawierać tylko metody.
<description><![CDATA[
		See the <a href="#note">note</a> at the bottom of this table.&#42;
	]]></description></error>
 
   <error id="1058" label="kIllegalOperandTypeError">Nieprawidłowy typ argumentu: %1 musi być typu %2.
<description><![CDATA[
		See the <a href="#note">note</a> at the bottom of this table.&#42;
	]]></description></error>
 
   <error id="1059" label="kClassInfoOrderError">Odniesienie do informacji ClassInfo-%1 przed definicją.
<description><![CDATA[
		See the <a href="#note">note</a> at the bottom of this table.&#42;
	]]></description></error>
 
  <error id="1060" label="kClassInfoExceedsCountError">Informacje ClassInfo %1 przekraczają wartość licznik_klas=%2.
<description><![CDATA[
		See the <a href="#note">note</a> at the bottom of this table.&#42;
	]]></description></error>
 
  
<error id="1061" label="kNumberOutOfRangeError">Wartości %1 nie można przekonwertować na %2 bez utraty dokładności.
<description><![CDATA[
	
		This error appears if you attempt to assign a decimal number to a property that has data type 
		int.
		
		<p>This error also appears for out-of-range assignments, such as the following:</p>
		
		<pre><code>var m0:int = 2147483648; // int.MAX_VALUE == 2147483647</code></pre>		
		<p>You can also see this error when using the bitwise left shift operator (&lt&lt).
		For example, consider the following code:</p>
		
		<pre><code>var m0:uint = 0xFF;
var m1:uint = m0&lt&lt24;</code></pre>
		
		<p>The result of left shift operator (&lt&lt) is interpreted as a 32-bit two's complement number 
		with sign. In the example, the result is a negative value, which causes the error when assigned
		to the uint typed property. A workaround is the following:</p>
		
		<pre><code>var m0:uint = 0xFF;
var m1:uint = uint(m0&lt;&lt;24);</code></pre>
	
	]]></description></error>
   <!--<error id="1062" label="kPackageCircularityError">Package %a imported while being defined</error>-->
  <error id="1063" label="kWrongArgumentCountError">Niezgodność liczby argumentów w %1. Oczekiwano %2, podano %3.</error>
  <error id="1064" label="kCannotCallMethodAsConstructor">Nie można wywołać metody %1 jako konstruktora.
  <description><![CDATA[
	Extracted methods are permanently bound to the object they are extracted from. 
	Therefore, they can not later be called as a constructor. For example, the following 
	creates function <code>f()</code> in Class A:
 	<pre><code>class A {
	   function f() {}
	}</code></pre>
	In the following code, extracting the function causes no error. However, creating 
	a new instance of the function causes an error.
	<pre><code>var a = new A()
	var m = a.f // extract f, don't call it
	m() // same as a.f()
	new m() // causes this error</code></pre>
	
	]]></description></error>
  <error id="1065" label="kUndefinedVarError">Zmienna %1 nie została zdefiniowana.
  <description><![CDATA[
	You are using an undefined lexical reference. For example, in the following statements, the 
	statement <code>trace(x)</code> generates an error because <code>x</code> is undefined. However, the 
	statement <code>trace(y)</code> doesn't generate an error because <code>y</code> is defined:
 	<pre><code>trace("hello world")
	trace(x) // x is undefined
	var y
	trace(y) // No error, y is defined.</code></pre>
	]]></description></error>
  <error id="1066" label="kFunctionConstructorError">Funkcja formularza function('function body') nie jest obsługiwana.
  <description><![CDATA[
	Unlike JavaScript, Flash does not compile code on-the-fly using <code>eval()</code> and 
	<code>function()</code>.  Thus, calling these as a constructor in ActionScript 3.0 generates this error.
	]]></description></error>
  
<error id="1067" label="kIllegalNativeMethodBodyError">Metoda macierzysta %1 ma nieprawidłowy tekst główny.
<description><![CDATA[
		See the <a href="#note">note</a> at the bottom of this table.&#42;
	]]></description></error>
 
  
<error id="1068" label="kCannotMergeTypesError">%1 i %2 nie mogą zostać uzgodnione.
<description><![CDATA[
		See the <a href="#note">note</a> at the bottom of this table.&#42;
	]]></description></error>
 
   <error id="1069" label="kReadSealedError">Nie znaleziono właściwości %1 w %2, a wartość domyślna nie istnieje.
  <description><![CDATA[
	You are referencing an undefined property on a non-dynamic class instance. For example, the following generates this error when it references property 
	<code>x</code>, which is not defined and cannot be created dynamically: 	
	<pre><code>class A {} // sealed class, not dynamic
	trace(new A().x) // no property x defined on A, and A is not dynamic</code></pre>
	]]></description></error>
  <error id="1070" label="kCallNotFoundError">Nie znaleziono metody %1 w %2.
  <description><![CDATA[
	You are using a <code>super</code> statement to call a function, but the function doesn't exist in the super class. 
	For example, the following code generates the error:	<pre><code>class A() {}
class B extends A {
  function f() { trace(super.f()); } // error 1070, there is no f on A
}</code></pre>
	]]></description></error>
  <error id="1071" label="kAlreadyBoundError">Funkcja %1 została już dowiązana do %2.</error>
  
<error id="1072" label="kZeroDispIdError">Wartość id_ekranu 0 jest nieprawidłowa.
<description><![CDATA[
		See the <a href="#note">note</a> at the bottom of this table.&#42;
	]]></description></error>
 
   <error id="1073" label="kDuplicateDispIdError">Metoda nieprzesłaniająca %1 została zastąpiona z powodu powielonej wartości id_ekranu %2.
<description><![CDATA[
		See the <a href="#note">note</a> at the bottom of this table.&#42;
	]]></description></error>
  
<error id="1074" label="kConstWriteError">Nieprawidłowy zapis właściwości tylko do odczytu %1 w %2.</error>
  <error id="1075" label="kMathNotFunctionError">Math nie jest funkcją.
  <description><![CDATA[
	You are trying to call <code>math()</code> as a function, but the Math class is a class with static methods.
	]]></description></error>
  <error id="1076" label="kMathNotConstructorError">Math nie jest konstruktorem.
  <description><![CDATA[
	You can not instantiate the Math class. 
 	]]></description></error>
 
  <error id="1077" label="kWriteOnlyError">Nieprawidłowy odczyt właściwości tylko do zapisu %1 w %2.</error>
   <error id="1078" label="kIllegalOpMultinameError">Nieprawidłowa kombinacja kodu operacji i nazwy złożonej: %1&lt;%2&gt;.
<description><![CDATA[
		See the <a href="#note">note</a> at the bottom of this table.&#42;
	]]></description></error>
 
   <error id="1079" label="kIllegalNativeMethodError">Metody macierzyste nie są dozwolone we wczytanym kodzie.
<description><![CDATA[
		See the <a href="#note">note</a> at the bottom of this table.&#42;
	]]></description></error>
 
   <error id="1080" label="kIllegalNamespaceError">Nieprawidłowa wartość dla przestrzeni nazw.
<description><![CDATA[
		See the <a href="#note">note</a> at the bottom of this table.&#42;
	]]></description></error>
 
 
  <error id="1081" label="kReadSealedErrorNs">Nie znaleziono właściwości %1 w %2, a wartość domyślna nie istnieje.</error>
 <!--<error id="1081" label="kIllegalMultinameCallError">Illegal call to %1</error>-->  
 
 <error id="1082" label="kNoDefaultNamespaceError">Nie ustawiono domyślnej przestrzeni nazw.
<description><![CDATA[
		See the <a href="#note">note</a> at the bottom of this table.&#42;
	]]></description></error>
 
   <error id="1083" label="kXMLPrefixNotBound">Prefiks "%1" dla elementu "%2" nie jest dowiązany.
<description><![CDATA[
	An attribute name or element name has a prefix but no matching namespace was 
	found. This statement generates an error because there is no <code>foo</code> 
	namespace to match <code>foo:x</code>:<pre/>&lt;foo:x xmlns:clowns='http://circuscenter.org'&gt;</pre>
		]]></description></error>
 
  <error id="1084" label="kXMLBadQName">Element lub atrybut ("%1") jest niezgodny z produkcją QName: QName::#{równe}(NCName':')?NCName.
<description><![CDATA[
	You have <code>foo: </code> or <code>:foo</code> as an element or attribute name, but there is nothing 
	on the other side of the colon.	
	]]></description></error>
  <error id="1085" label="kXMLUnterminatedElementTag">Typ elementu "%1" musi być zakończony zgodnym znacznikiem końcowym "&lt;/%2&gt;".</error>
  <error id="1086" label="kXMLOnlyWorksWithOneItemLists">Metoda %1 działa tylko w przypadku list zawierających jeden element.
<description><![CDATA[
	The XMLList class propagates the XML-specific functions to one child if it has only one 
	item in its list. If more than one item is in the list, the routines fail with this 
	error. This happens for the following XMLList functions that mimic XML functions: 	
	<p><code>addNamespace</code>, <code>appendChild</code>,  <code>childIndex</code>,  	
	<code>inScopeNamespaces</code>,  <code>insertChildAfter</code>,  <code>insertChildBefore</code>,  	
	<code>name</code>,  <code>namespace</code>,  <code>localName</code>,  <code>namespaceDeclarations</code>,  	
	<code>nodeKind</code>,  <code>prependChild</code>,  <code>removeNamespace</code>,  <code>replace</code>,  	
	<code>setChildren</code>,  <code>setLocalName</code>,  <code>setName</code>,  and <code>setNamespace.
 
	]]></description></error>
  <error id="1087" label="kXMLAssignmentToIndexedXMLNotAllowed">Przypisanie do indeksowanego pliku XML nie jest dozwolone.</error>
  <error id="1088" label="kXMLMarkupMustBeWellFormed">Oznaczenia w dokumencie występującym po elemencie głównym muszą być poprawnie sformułowane.
<description><![CDATA[
	These are possible causes of this error:
	<ul>
	<li>Parsing an XMLList style object as XML</li>
	<li>Misbalanced strings</li>
	</ul>	
	]]></description></error>
 
  <error id="1089" label="kXMLAssigmentOneItemLists">Przypisania do list zawierających więcej niż jeden element nie są obsługiwane.</error>
  <error id="1090" label="kXMLMalformedElement">Błąd parsera XML: element jest źle sformułowany.
<description><![CDATA[
	An element name is malformed. This example of an element name is malformed because a 
	trailing right angle bracket <code>></code> is missing:
 
	<pre>&lt;a/&gt;&lt;b&gt;&lt;/b</pre>	]]></description></error>
 
  <error id="1091" label="kXMLUnterminatedCData">Błąd parsera XML: niezakończona sekcja CDATA.</error>
  <error id="1092" label="kXMLUnterminatedXMLDecl">Błąd parsera XML: niezakończona deklaracja XML.</error>
  <error id="1093" label="kXMLUnterminatedDocTypeDecl">Błąd parsera XML: niezakończona deklaracja DOCTYPE.</error>
  <error id="1094" label="kXMLUnterminatedComment">Błąd parsera XML: niezakończony komentarz.</error>
  <error id="1095" label="kXMLUnterminatedAttribute">Błąd parsera XML: niezakończony atrybut.</error>
  <error id="1096" label="kXMLUnterminatedElement">Błąd parsera XML: niezakończony element.</error>
  <error id="1097" label="kXMLUnterminatedProcessingInstruction">Błąd parsera XML: niezakończona instrukcja.</error>
  <error id="1098" label="kXMLNamespaceWithPrefixAndNoURI">Nie ma nieprawidłowego prefiksu %1 dla braku przestrzeni nazw.
<description><![CDATA[
	The namespace constructor throws this error if you try to pass in an empty URI with a 
	non-empty prefix as in this example:
 
<pre>ns = new Namespace ("prefix", "");
	]]></description></error>
 
  <!--<error id="1099" label="kNullArgumentError">Argument %s cannot be null.</error>-->
  <error id="1100" label="kRegExpFlagsArgumentError">Nie można określać flag podczas tworzenia jednego obiektu RegExp z innego.
  <description><![CDATA[
	Creating a new regular expression from an existing one also copies its flags. To create a regular expression with 
	different flags, use the <code>new</code> operator and set the flags as desired. For example, this statement 
	creates a regular expression and specifies flag settings:
	<pre><code>var re:RegExp = new RegExp("ali", /s)</code></pre>
	Alternatively, this statement creates a regular expression that has the same flags as re:
	<pre><code>var re2:RegExp = new RegExp(re, ...)</code></pre> 	]]></description></error>
  
   <error id="1101" label="kNoScopeError">Nie można sprawdzić metody %1 z nieznanym zakresem.
<description><![CDATA[
		See the <a href="#note">note</a> at the bottom of this table.&#42;
	]]></description></error>
 
   <error id="1102" label="kIllegalDefaultValue">Nieprawidłowa wartość domyślna dla typu %1.
<description><![CDATA[
		See the <a href="#note">note</a> at the bottom of this table.&#42;
	]]></description></error>
 
   <error id="1103" label="kCannotExtendFinalClass">Klasa %1 nie może rozszerzać klasy bazowej z atrybutem final.
<description><![CDATA[
		See the <a href="#note">note</a> at the bottom of this table.&#42;
	]]></description></error>
 
   <error id="1104" label="kXMLDuplicateAttribute">Dla elementu "%2" określono już atrybut "%1".</error>
  <!--<error id="1105" label="kStringIndexOutOfBoundsError">The string index %d is out of bounds; must be in range %d to %d.</error>-->
  <!--<error id="1106" label="kInvalidRangeError">The range specified is invalid.</error>-->
  <error id="1107" label="kCorruptABCError">Dane ABC są uszkodzone. Nastąpiła próba odczytu poza zakresem.
<description><![CDATA[
		See the <a href="#note">note</a> at the bottom of this table.&#42;
	]]></description></error>
 
  <error id="1108" label="kInvalidBaseClassError">Użyto kodu operacji OP_newclass z nieprawidłową klasą bazową.
<description><![CDATA[
		See the <a href="#note">note</a> at the bottom of this table.&#42;
	]]></description></error>
 
  <error id="1109" label="kDanglingFunctionError">Próba bezpośredniego przywołania niedowiązanej funkcji %1 z metody %2.
<description><![CDATA[
		See the <a href="#note">note</a> at the bottom of this table.&#42;
	]]></description></error>
 
  <error id="1110" label="kCannotExtendError">%1 nie może rozszerzać %2.
<description><![CDATA[
		See the <a href="#note">note</a> at the bottom of this table.&#42;
	]]></description></error>
 
  <error id="1111" label="kCannotImplementError">%1 nie może implementować %2.
<description><![CDATA[
		See the <a href="#note">note</a> at the bottom of this table.&#42;
	]]></description></error>
 
   <error id="1112" label="kCoerceArgumentCountError">Niezgodność liczby argumentów przy wymuszaniu klasy.  Oczekiwano 1, otrzymano %1.</error>
   <error id="1113" label="kInvalidNewActivationError">W metodzie użyto kodu operacji OP_newactivation bez flagi NEED_ACTIVATION.
<description><![CDATA[
		See the <a href="#note">note</a> at the bottom of this table.&#42;
	]]></description></error>
 
  <error id="1114" label="kNoGlobalScopeError">Użyto kodu operacji OP_getglobalslot lub OP_setglobalslot bez zakresu globalnego.
<description><![CDATA[
		See the <a href="#note">note</a> at the bottom of this table.&#42;
	]]></description></error>
 
  <error id="1115" label="kNotConstructorError">%1 nie jest konstruktorem.</error>
  <error id="1116" label="kApplyError">Drugi argument do metody Function.prototype.apply musi być tablicą.</error>
  <error id="1117" label="kXMLInvalidName">Nieprawidłowa nazwa pliku XML: %1.</error>
  <error id="1118" label="kXMLIllegalCyclicalLoop">Nieprawidłowa pętla cykliczna między węzłami.</error>
  <error id="1119" label="kDeleteTypeError">Usuwanie operatora nie jest obsługiwane z argumentem typu %1.</error>
  <error id="1120" label="kDeleteSealedError">Nie można usunąć właściwości %1 w %2.</error>
  <error id="1121" label="kDuplicateMethodBodyError">Metoda %1 ma powielony tekst główny.</error>
   <error id="1122" label="kIllegalInterfaceMethodBodyError">Metoda interfejsu %1 ma nieprawidłowy tekst główny.</error>
  <error id="1123" label="kFilterError">Operator filtra nieobsługiwany w typie %1.</error>  
  <error id="1124" label="kInvalidHasNextError">Kod operacji OP_hasnext2 wymaga, aby obiekt i indeks były różnymi rejestrami.</error>
  <error id="1125" label="kOutOfRangeError">Indeks %1 jest poza zakresem %2.</error>
  <error id="1126" label="kVectorFixedError">Nie można zmienić długości stałego wektora.</error>
  <error id="1127" label="kTypeAppOfNonParamType">Podjęto próbę zastosowania typu do niesparametryzowanego typu.</error>
  <error id="1128" label="kWrongTypeArgCountError">Nieprawidłowa liczba parametrów typu dla %1. Oczekiwano %2, otrzymano %3.</error>

  <!-- The following errors are specific to the AVM2 command-line shell.-->  
  <error id="1500" hidden="true" label="kFileOpenError">Podczas otwierania pliku %1 wystąpił błąd.</error>
  <error id="1501" hidden="true" label="kFileWriteError">Podczas zapisywania do pliku %1 wystąpił błąd.
        <description><![CDATA[
		The file you are writing to cannot be opened. Possibly the filename contains an error, the file is read-only, or 
		you do not have access privileges.
	  	]]></description>
		</error>
  <error id="1502" label="kScriptTimeoutError">Skrypt był wykonywany dłużej niż domyślny limit czasu (15 sekund).
        <description><![CDATA[
		A script executed after the timeout period. (The default timeout period is 15 seconds.) After this error occurs, the 
		script can continue to execute for 15 seconds more, after which the script terminates and throws run-time error number 1503 (A script failed to exit after 30 seconds and was terminated.)  
	]]></description>
 </error>
  <error id="1503" label="kScriptTerminatedError">Nie powiodło się zamknięcie skryptu po 30 sekundach, dlatego został on zakończony.
      <description><![CDATA[
	  The script was still executing after 30 seconds. Flash Player first throws run-time error number 1502 (A script has executed for longer than the default timeout period of 15 seconds.) if the script executed more than 15 
	  seconds, which is the default timeout period. This error occurs 15 seconds after Error 1502 occurs.  
	]]></description></error>
	 <error id="1504" hidden="true" label="kEndOfFileError">Koniec pliku.
      <description><![CDATA[
	  Flash Player unexpectedly encountered the end of the file. Possibly the file was not saved correctly or Flash Player expected more data 
	  in the file.
	]]></description>  
  </error>
  <error id="1505" hidden="true" label="kStringIndexOutOfBoundsError">Ciąg indeksu %1 wychodzi poza zakres. Ciąg musi mieścić się w zakresie od %2 do %3.</error>
  <error id="1506" hidden="true" label="kInvalidRangeError">Określony zakres jest nieprawidłowy.
    <description><![CDATA[
	The method's <code>start</code> parameter is greater than its <code>end</code> parameter.
	]]></description></error>
  <error id="1507" label="kNullArgumentError">Argument %1 nie może mieć wartości null.</error>
  <error id="1508" label="kInvalidArgumentError">Wartość określona dla argumentu %1 jest nieprawidłowa.
  <description><![CDATA[
	You are possibly trying to pass the wrong data type. For example, the code
	<pre><code>public function doSomething(const:int):void {
	}
	this ["doSomething"] ("str")</code></pre> 
	generates an error at runtime because <code>doSomething</code> is cast as an int data type.	]]></description></error>
 
  <error id="1509" hidden="true" label="kShellCompressedDataError">Podczas dekompresji danych wystąpił błąd.
  <description><![CDATA[
	The de-compressor reached the end of the stream, but more data was expected. The compressed data 
	stream is probably corrupted.
	]]></description></error>
  <error id="1510" label="kArrayFilterNonNullObjectError">Jeśli argument wywołania zwrotnego jest metodą klasy, argument opcjonalny musi mieć wartość null.</error>
</errors>
