﻿<?xml version='1.0' encoding='utf-8' standalone='no' ?>
<!-- ***** BEGIN LICENSE BLOCK *****
 * Version: MPL 1.1/GPL 2.0/LGPL 2.1
 *
 * The contents of this file are subject to the Mozilla Public License Version
 * 1.1 (the "License"); you may not use this file except in compliance with
 * the License. You may obtain a copy of the License at
 * http://www.mozilla.org/MPL/
 *
 * Software distributed under the License is distributed on an "AS IS" basis,
 * WITHOUT WARRANTY OF ANY KIND, either express or implied. See the License
 * for the specific language governing rights and limitations under the
 * License.
 *
 * The Original Code is [Open Source Virtual Machine.].
 *
 * The Initial Developer of the Original Code is
 * Adobe System Incorporated.
 * Portions created by the Initial Developer are Copyright (C) 2004-2006
 * the Initial Developer. All Rights Reserved.
 *
 * Contributor(s):
 *   Adobe AS3 Team
 *
 * Alternatively, the contents of this file may be used under the terms of
 * either the GNU General Public License Version 2 or later (the "GPL"), or
 * the GNU Lesser General Public License Version 2.1 or later (the "LGPL"),
 * in which case the provisions of the GPL or the LGPL are applicable instead
 * of those above. If you wish to allow use of your version of this file only
 * under the terms of either the GPL or the LGPL, and not to allow others to
 * use your version of this file under the terms of the MPL, indicate your
 * decision by deleting the provisions above and replace them with the notice
 * and other provisions required by the GPL or the LGPL. If you do not delete
 * the provisions above, a recipient may use your version of this file under
 * the terms of any one of the MPL, the GPL or the LGPL.
 *
 * ***** END LICENSE BLOCK ***** -->
 
<errors>  This table contains all of the error messages generated by core 
  avmplus.  This will likely be replaced by a resource table      
  for easy localization.   
  %o = ScriptObject* 
  %t = Traits* 
  %m = MethodInfo* 
  %n = Multiname (name portion only)
  %N = Multiname (namespace portion only)
  %a = Atom 
  %d = int 
  %f = double 
  %S = Stringp 
  %s = char*   
  
  <error id="1000" label="kOutOfMemoryError">Недостаточно памяти в системе.
<description><![CDATA[
		Flash Player needs more memory to compile your code than your system has available. 
		Close some of the applications or processes running on your system.
	]]></description></error>
 
  <error id="1001" label="kNotImplementedError">Метод %1 не реализован.</error>
  <error id="1002" label="kInvalidPrecisionError">Диапазон Number.toPrecision составляет от 1 до 21. Диапазон для Number.toFixed и Number.toExponential составляет от 0 до 20. Указанное значение находится вне ожидаемого диапазона.
<description><![CDATA[
		You specified a value that is not within the expected range of the <code>precision</code> argument. Number.toPrecision has a range of 1 to 21. Number.toFixed and Number.toExponential have a range of 0 to 20.		
	]]></description></error>
 
  <error id="1003" label="kInvalidRadixError">Аргумент "radix" должен быть в между 2 и 36; получен %1.
 <description><![CDATA[
		You passed a value less than 2 or greater than 36 for the <code>radix</code> argument of a method or property. 
		Pass a value between 2 and 36 as a <code>radix</code> argument.
	]]></description>  </error>
  <error id="1004" label="kInvokeOnIncompatibleObjectError">Вызов метода %1 в несовместимом объекте.
<description><![CDATA[
		You tried to call a method that is not available to the specified object. This error occurs when 
		you have copied a prototype function from one object to another, and then invoked it, but the 
		target object is not the same type as the original object. Ensure that the target object and 
		original object are the same type. See the ECMAScript Language Specification, 3rd Edition, Chapter 15 for more details.
	]]></description></error>
  
  <!-- ISSUE jsshell reports "invalid array length" -->
<error id="1005" label="kArrayIndexNotIntegerError">Индекс массива не является положительным целым числом (%1).
<description><![CDATA[
		You tried to access a member of an array using an index value that is not a positive integer. Pass only positive integers as index values for arrays.
	]]></description></error>
 
  
<error id="1006" label="kCallOfNonFunctionError">%1 не является функцией.
<description><![CDATA[
		This error occurs when you attempt to call a function that does not exist. 
		Make sure you are calling the correct function, and that the API has 
		not changed from ActionScript 2.0. Also, make sure you are using the correct
		object. For example, you will see this error when you use the following code 
		(because the last line mistakenly calls the variable <code>big</code> instead 
		of <code>blg</code>): 
		
		<pre><code>var blg:String = "foo";
var big:Sprite = new Sprite();
var error:int = big.length(); </code></pre>
	]]></description></error>
  <error id="1007" label="kConstructOfNonFunctionError">Попытка реализации в объекте, который не является конструктором.</error>
  <error id="1008" label="kAmbiguousBindingError">Значение %1 является неоднозначным; найдено более одной подходящей привязки.</error>
  <error id="1009" label="kConvertNullToObjectError">Не удается вызвать свойство или метод со ссылкой на объект "null".
<description><![CDATA[
	An object that evaluates to <code>null</code> can have no properties. This error can occur in some unexpected 
	(though valid) situations. For example, consider the following code, which creates a Sprite
	object. Because this Sprite object is never added to the display list (through the 
	<code>addChild()</code> method of a DisplayObjectContainer object), its <code>stage</code>
	property is set to <code>null</code>. Thus, the example generates this error because Sprite object's <code>stage</code> property 
	cannot have any properties:
	
	<pre><code>import flash.display.Sprite;
var sprite1:Sprite = new Sprite();
var q:String = sprite1.stage.quality;</code></pre>
	]]></description></error>
 
  <error id="1010" label="kConvertUndefinedToObjectError">Термин не определен и не имеет свойств.
<description><![CDATA[
		This error can occur if you try to access a property of an object that does not exist. For example:
		<pre><code>var obj:Object = new Object();
obj.a = "foo";
trace(obj.b.prop);</code></pre>
		
		<p>You can also see this error because of a misspelling, for example in the following, where
		<code>mc</code> represents a MovieClip object in the display list, and the <code>stage</code>
		property is misspelled with a capital S (it should be <code>stage</code>):</p>
		
		<pre><code>trace(mc.Stage.quality);</code></pre>
		
	
	]]></description></error>
  <error id="1011" label="kIllegalOpcodeError">Метод %1 содержал недопустимый код операции %2 по смещению %3.
<description><![CDATA[
		See the <a href="#note">note</a> at the bottom of this table.&#42;
	]]></description></error>
 
  <error id="1012" label="kLastInstExceedsCodeSizeError">Последняя инструкция превышает размер кода.
<description><![CDATA[
		See the <a href="#note">note</a> at the bottom of this table.&#42;
	]]></description></error>
 
   <error id="1013" label="kFindVarWithNoScopeError">Не удается вызвать OP_findproperty, если scopeDepth равен 0.
<description><![CDATA[
		See the <a href="#note">note</a> at the bottom of this table.&#42;
	]]></description></error>
 
   <error id="1014" label="kClassNotFoundError">Не удалось найти класс %1.</error>
   <error id="1015" label="kIllegalSetDxns">Метод %1 не может задать пространство имен по умолчанию для объектов XML
<description><![CDATA[
		See the <a href="#note">note</a> at the bottom of this table.&#42;
	]]></description></error>
 
   <error id="1016" label="kDescendentsError">Оператор "descendant" (..) не поддерживается в типе %1.</error>
   <error id="1017" label="kScopeStackOverflowError">Переполнение стека области.
<description><![CDATA[
		See the <a href="#note">note</a> at the bottom of this table.&#42;
	]]></description></error>
 
   <error id="1018" label="kScopeStackUnderflowError">Недостаточное заполнение стека области.
<description><![CDATA[
		See the <a href="#note">note</a> at the bottom of this table.&#42;
	]]></description></error>
 
   <error id="1019" label="kGetScopeObjectBoundsError">Объект Getscopeobject %1 выходит за границы.
<description><![CDATA[
		See the <a href="#note">note</a> at the bottom of this table.&#42;
	]]></description></error>
   <error id="1020" label="kCannotFallOffMethodError">Код не может перейти за окончание метода.
<description><![CDATA[
		See the <a href="#note">note</a> at the bottom of this table.&#42;
	]]></description></error>
 
   <error id="1021" label="kInvalidBranchTargetError">Минимум один целевой объект ветви не найден в допустимой инструкции в методе.
<description><![CDATA[
		See the <a href="#note">note</a> at the bottom of this table.&#42;
	]]></description></error>
 
   <error id="1022" label="kIllegalVoidError">Тип "void" может использоваться только как тип, возвращаемый функцией.
<description><![CDATA[
		See the <a href="#note">note</a> at the bottom of this table.&#42;
	]]></description></error>
 
   <error id="1023" label="kStackOverflowError">Переполнение стека.
<description><![CDATA[
		See the <a href="#note">note</a> at the bottom of this table.&#42;
	]]></description></error>
 
  <error id="1024" label="kStackUnderflowError">Недостаточное заполнение стека.
<description><![CDATA[
		See the <a href="#note">note</a> at the bottom of this table.&#42;
	]]></description></error>
 
  <error id="1025" label="kInvalidRegisterError">Доступ к недопустимому регистру %1.
<description><![CDATA[
		See the <a href="#note">note</a> at the bottom of this table.&#42;
	]]></description></error>
 
  <error id="1026" label="kSlotExceedsCountError">Слот %1 превышает slotCount=%2 из %3.
<description><![CDATA[
		See the <a href="#note">note</a> at the bottom of this table.&#42;
	]]></description></error>
 
  <error id="1027" label="kMethodInfoExceedsCountError">Method_info %1 превышает method_count=%2.
<description><![CDATA[
		See the <a href="#note">note</a> at the bottom of this table.&#42;
	]]></description></error>
 
  <error id="1028" label="kDispIdExceedsCountError">Disp_id %1 превышает max_disp_id=%2 of %3.
<description><![CDATA[
		See the <a href="#note">note</a> at the bottom of this table.&#42;
	]]></description></error>
 
  <error id="1029" label="kDispIdUndefinedError">Disp_id %1 не определен в %2.
<description><![CDATA[
		See the <a href="#note">note</a> at the bottom of this table.&#42;
	]]></description></error>
 
  <error id="1030" label="kStackDepthUnbalancedError">Несбалансированная глубина стека. %1 != %2.
<description><![CDATA[
		See the <a href="#note">note</a> at the bottom of this table.&#42;
	]]></description></error>
 
  <error id="1031" label="kScopeDepthUnbalancedError">Несбалансированная глубина области. %1 != %2.
<description><![CDATA[
		See the <a href="#note">note</a> at the bottom of this table.&#42;
	]]></description></error>
 
   <error id="1032" label="kCpoolIndexRangeError">Индекс Cpool %1 выходит за диапазон %2.
<description><![CDATA[
		See the <a href="#note">note</a> at the bottom of this table.&#42;
	]]></description></error>
 
   <error id="1033" label="kCpoolEntryWrongTypeError">Неверный тип элемента Cpool %1.
<description><![CDATA[
		See the <a href="#note">note</a> at the bottom of this table.&#42;
	]]></description></error>
 
   <error id="1034" label="kCheckTypeFailedError">Ошибка типа Coercion: невозможно преобразовать %1 в %2.</error>
 
   <error id="1035" label="kIllegalSuperCallError">Недопустимое супервыражение найдено в методе %1.
<description><![CDATA[
		See the <a href="#note">note</a> at the bottom of this table.&#42;
	]]></description></error>
   
   <!-- <error id="1036" label="kUncaughtExceptionWarning">The VM exited due to an uncaught exception.</error> -->  
   
   <error id="1037" label="kCannotAssignToMethodError">Не может быть применено к методу %1 в %2.
<description><![CDATA[
		See the <a href="#note">note</a> at the bottom of this table.&#42;
	]]></description></error>
 
  
<error id="1038" label="kRedefinedError">%1 уже определен.
<description><![CDATA[
		You cannot declare a variable or function with the same identifier name more than once 
		within the same scope. 
		In ActionScript 3.0, different code blocks (such as those used in two <code>for</code> loops
		in the same <code>function</code> definition) are considered to be in the same scope.
		See the <a href="#note">note</a> at the bottom of this table.&#42;
	]]></description></error>
 
  <error id="1039" label="kCannotVerifyUntilReferencedError">Невозможно проверить метод, пока он указан в ссылке.
<description><![CDATA[
		See the <a href="#note">note</a> at the bottom of this table.&#42;
	]]></description></error>
 
   <error id="1040" label="kCantUseInstanceofOnNonObjectError">Правая часть оператора "instanceof" должна быть классом или функцией.
<description><![CDATA[
		The expression on the right side of the <code>instanceof</code> operator must be a class or function.
	]]></description></error>
  <error id="1041" label="kIsTypeMustBeClassError">Правая часть оператора должна быть классом.
<description><![CDATA[
		The expression on the right side of the <code>is</code> operator must be a class.
	]]></description></error>
   <error id="1042" label="kInvalidMagicError">Не файл ABC. major_version=%1 minor_version=%2.
<description><![CDATA[
You are attempting to use an  invalid file with the player: the tool that generates the SWF may be out of date or the SWF itself may be corrupt.
	]]></description></error>
   <error id="1043" label="kInvalidCodeLengthError">Неправильный code_length=%1.
<description><![CDATA[
		See the <a href="#note">note</a> at the bottom of this table.&#42;
	]]></description></error>
 
   <error id="1044" label="kInvalidMethodInfoFlagsError">MethodInfo-%1 неподдерживаемый flags=%2.
<description><![CDATA[
		See the <a href="#note">note</a> at the bottom of this table.&#42;
	]]></description></error>
 
 
 <error id="1045" label="kUnsupportedTraitsKindError">Неподдерживаемый traits kind=%1.
<description><![CDATA[
		See the <a href="#note">note</a> at the bottom of this table.&#42;
	]]></description></error>
 
   <error id="1046" label="kMethodInfoOrderError">MethodInfo-%1 связан до определения.
<description><![CDATA[
		See the <a href="#note">note</a> at the bottom of this table.&#42;
	]]></description></error>
 
   <error id="1047" label="kMissingEntryPointError">Не найдена точка входа.
<description><![CDATA[
		See the <a href="#note">note</a> at the bottom of this table.&#42;
	]]></description></error>
   <!--<error id="1048" label="kNativeMethodNotFoundError">Native method not found: %a.</error>-->  
   
   <error id="1049" label="kPrototypeTypeError">Объекты "Prototype" должны быть объектами "vanilla".
<description><![CDATA[
		See the <a href="#note">note</a> at the bottom of this table.&#42;
	]]></description></error>
 
   <error id="1050" label="kConvertToPrimitiveError">Невозможно преобразовать %1 в примитив.
<description><![CDATA[
		See the <a href="#note">note</a> at the bottom of this table.&#42;
	]]></description></error>
 
   <error id="1051" label="kIllegalEarlyBindingError">Неправильная ранняя привязка к %1.
<description><![CDATA[
		See the <a href="#note">note</a> at the bottom of this table.&#42;
	]]></description></error>
 
   <error id="1052" label="kInvalidURIError">Неправильный URI передан в функцию %1.
<description><![CDATA[
		See the <a href="#note">note</a> at the bottom of this table.&#42;
	]]></description></error>
 
   <error id="1053" label="kIllegalOverrideError">Недопустимое переопределение %1 в %2.
<description><![CDATA[
		See the <a href="#note">note</a> at the bottom of this table.&#42;
	]]></description></error>
 
   <error id="1054" label="kIllegalExceptionHandlerError">Недопустимый диапазон или смещения целей в обработчике исключений.
<description><![CDATA[
		See the <a href="#note">note</a> at the bottom of this table.&#42;
	]]></description></error>
 <!-- obsolete
  <error id="1055" label="kHasNoPropertiesTypeError">%S has no properties</error>
  -->
  <error id="1056" label="kWriteSealedError">Не удается создать свойство %1 в %2.
<description><![CDATA[
	You are trying to assign a value to a nonexistent property on an instance of a non-dynamic 
	class. This is only possible for instances of dynamic classes]]></description></error>
  
 <error id="1057" label="kIllegalSlotError">%1 может содержать только методы.
<description><![CDATA[
		See the <a href="#note">note</a> at the bottom of this table.&#42;
	]]></description></error>
 
   <error id="1058" label="kIllegalOperandTypeError">Недопустимый тип операнда: %1 должен быть %2.
<description><![CDATA[
		See the <a href="#note">note</a> at the bottom of this table.&#42;
	]]></description></error>
 
   <error id="1059" label="kClassInfoOrderError">ClassInfo-%1 связан до определения.
<description><![CDATA[
		See the <a href="#note">note</a> at the bottom of this table.&#42;
	]]></description></error>
 
  <error id="1060" label="kClassInfoExceedsCountError">ClassInfo %1 превышает class_count=%2.
<description><![CDATA[
		See the <a href="#note">note</a> at the bottom of this table.&#42;
	]]></description></error>
 
  
<error id="1061" label="kNumberOutOfRangeError">Значение %1 не может быть преобразовано в %2 без потери точности.
<description><![CDATA[
	
		This error appears if you attempt to assign a decimal number to a property that has data type 
		int.
		
		<p>This error also appears for out-of-range assignments, such as the following:</p>
		
		<pre><code>var m0:int = 2147483648; // int.MAX_VALUE == 2147483647</code></pre>		
		<p>You can also see this error when using the bitwise left shift operator (&lt&lt).
		For example, consider the following code:</p>
		
		<pre><code>var m0:uint = 0xFF;
var m1:uint = m0&lt&lt24;</code></pre>
		
		<p>The result of left shift operator (&lt&lt) is interpreted as a 32-bit two's complement number 
		with sign. In the example, the result is a negative value, which causes the error when assigned
		to the uint typed property. A workaround is the following:</p>
		
		<pre><code>var m0:uint = 0xFF;
var m1:uint = uint(m0&lt;&lt;24);</code></pre>
	
	]]></description></error>
   <!--<error id="1062" label="kPackageCircularityError">Package %a imported while being defined</error>-->
  <error id="1063" label="kWrongArgumentCountError">Несоответствие количества аргументов в %1. Ожидалось %2, получено %3.</error>
  <error id="1064" label="kCannotCallMethodAsConstructor">Невозможно вызвать метод %1 в качестве конструктора.
 <description><![CDATA[
	Extracted methods are permanently bound to the object they are extracted from. 
	Therefore, they can not later be called as a constructor. For example, the following 
	creates function <code>f()</code> in Class A:
 	<pre><code>class A {
	   function f() {}
	}</code></pre>
	In the following code, extracting the function causes no error. However, creating 
	a new instance of the function causes an error.
	<pre><code>var a = new A()
	var m = a.f // extract f, don't call it
	m() // same as a.f()
	new m() // causes this error</code></pre>
	
	]]></description></error>
  <error id="1065" label="kUndefinedVarError">Переменная %1 не определена.
 <description><![CDATA[
	You are using an undefined lexical reference. For example, in the following statements, the 
	statement <code>trace(x)</code> generates an error because <code>x</code> is undefined. However, the 
	statement <code>trace(y)</code> doesn't generate an error because <code>y</code> is defined:
 	<pre><code>trace("hello world")
	trace(x) // x is undefined
	var y
	trace(y) // No error, y is defined.</code></pre>
	]]></description></error>
  <error id="1066" label="kFunctionConstructorError">Функция формы ("function body") не поддерживается.
 <description><![CDATA[
	Unlike JavaScript, Flash does not compile code on-the-fly using <code>eval()</code> and 
	<code>function()</code>.  Thus, calling these as a constructor in ActionScript 3.0 generates this error.
	]]></description></error>
  
<error id="1067" label="kIllegalNativeMethodBodyError">Собственный метод %1 содержит недопустимое тело метода.
<description><![CDATA[
		See the <a href="#note">note</a> at the bottom of this table.&#42;
	]]></description></error>
 
  
<error id="1068" label="kCannotMergeTypesError">%1 и %2 не могут быть согласованы.
<description><![CDATA[
		See the <a href="#note">note</a> at the bottom of this table.&#42;
	]]></description></error>
 
   <error id="1069" label="kReadSealedError">Не удалось найти свойство %1 в %2; отсутствует значение по умолчанию.
 <description><![CDATA[
	You are referencing an undefined property on a non-dynamic class instance. For example, the following generates this error when it references property 
	<code>x</code>, which is not defined and cannot be created dynamically: 	
	<pre><code>class A {} // sealed class, not dynamic
	trace(new A().x) // no property x defined on A, and A is not dynamic</code></pre>
	]]></description></error>
  <error id="1070" label="kCallNotFoundError">Не удалось найти метод %1 в %2
 <description><![CDATA[
	You are using a <code>super</code> statement to call a function, but the function doesn't exist in the super class. 
	For example, the following code generates the error:	<pre><code>class A() {}
class B extends A {
  function f() { trace(super.f()); } // error 1070, there is no f on A
}</code></pre>
	]]></description></error>
  <error id="1071" label="kAlreadyBoundError">Функция %1 уже связана с %2.</error>
  
<error id="1072" label="kZeroDispIdError">Disp_id 0 не допускается.
<description><![CDATA[
		See the <a href="#note">note</a> at the bottom of this table.&#42;
	]]></description></error>
 
   <error id="1073" label="kDuplicateDispIdError">Не переопределяющий метод %1 заменен из-за дублирования disp_id %2.
<description><![CDATA[
		See the <a href="#note">note</a> at the bottom of this table.&#42;
	]]></description></error>
  
<error id="1074" label="kConstWriteError">Недопустимая запись в свойство "только на чтение" %1 в %2.</error>
  <error id="1075" label="kMathNotFunctionError">"Math" не является функцией.
 <description><![CDATA[
	You are trying to call <code>math()</code> as a function, but the Math class is a class with static methods.
	]]></description></error>
  <error id="1076" label="kMathNotConstructorError">"Math" не является конструктором.
 <description><![CDATA[
	You can not instantiate the Math class. 
 	]]></description></error>
 
  <error id="1077" label="kWriteOnlyError">Недопустимое чтение свойства "только для записи" %1 в %2.</error>
   <error id="1078" label="kIllegalOpMultinameError">Недопустимое сочетание opcode/multiname: %1&lt;%2&gt;.
<description><![CDATA[
		See the <a href="#note">note</a> at the bottom of this table.&#42;
	]]></description></error>
 
   <error id="1079" label="kIllegalNativeMethodError">В загруженных кодах собственные методы не разрешены .
<description><![CDATA[
		See the <a href="#note">note</a> at the bottom of this table.&#42;
	]]></description></error>
 
   <error id="1080" label="kIllegalNamespaceError">Недопустимое значение для пространства имен.
<description><![CDATA[
		See the <a href="#note">note</a> at the bottom of this table.&#42;
	]]></description></error>
 
 
  <error id="1081" label="kReadSealedErrorNs">Не удалось найти свойство %1 в %2; отсутствует значение по умолчанию.</error>
 <!--<error id="1081" label="kIllegalMultinameCallError">Illegal call to %1</error>-->  
 
 <error id="1082" label="kNoDefaultNamespaceError">Не задано пространство имен по умолчанию.
<description><![CDATA[
		See the <a href="#note">note</a> at the bottom of this table.&#42;
	]]></description></error>
 
   <error id="1083" label="kXMLPrefixNotBound">Префикс "%1" для элемента "%2" не связан.
<description><![CDATA[
	An attribute name or element name has a prefix but no matching namespace was 
	found. This statement generates an error because there is no <code>foo</code> 
	namespace to match <code>foo:x</code>:<pre/>&lt;foo:x xmlns:clowns='http://circuscenter.org'&gt;</pre>
		]]></description></error>
 
  <error id="1084" label="kXMLBadQName">Элемент или атрибут ("%1") не соответствует обработке QName: QName::=(NCName':')?NCName.
<description><![CDATA[
	You have <code>foo: </code> or <code>:foo</code> as an element or attribute name, but there is nothing 
	on the other side of the colon.	
	]]></description></error>
  <error id="1085" label="kXMLUnterminatedElementTag">Тип элемента "%1" должен завершаться соответствующим конечным тегом "&lt;/%2&gt;".</error>
  <error id="1086" label="kXMLOnlyWorksWithOneItemLists">Метод %1 действует только в списках, содержащих только один элемент.
<description><![CDATA[
	The XMLList class propagates the XML-specific functions to one child if it has only one 
	item in its list. If more than one item is in the list, the routines fail with this 
	error. This happens for the following XMLList functions that mimic XML functions: 	
	<p><code>addNamespace</code>, <code>appendChild</code>,  <code>childIndex</code>,  	
	<code>inScopeNamespaces</code>,  <code>insertChildAfter</code>,  <code>insertChildBefore</code>,  	
	<code>name</code>,  <code>namespace</code>,  <code>localName</code>,  <code>namespaceDeclarations</code>,  	
	<code>nodeKind</code>,  <code>prependChild</code>,  <code>removeNamespace</code>,  <code>replace</code>,  	
	<code>setChildren</code>,  <code>setLocalName</code>,  <code>setName</code>,  and <code>setNamespace.
 
	]]></description></error>
  <error id="1087" label="kXMLAssignmentToIndexedXMLNotAllowed">Не разрешается присваивать значения индексированному XML.</error>
  <error id="1088" label="kXMLMarkupMustBeWellFormed">Разметка в документе, следующим за корневым элементом, должна быть в правильном формате.
<description><![CDATA[
	These are possible causes of this error:
	<ul>
	<li>Parsing an XMLList style object as XML</li>
	<li>Misbalanced strings</li>
	</ul>	
	]]></description></error>
 
  <error id="1089" label="kXMLAssigmentOneItemLists">Не поддерживается присваивание значений спискам, содержащим более одного элемента.</error>
  <error id="1090" label="kXMLMalformedElement">Ошибка интерпретатора XML: элемент имеет неверный формат.
<description><![CDATA[
	An element name is malformed. This example of an element name is malformed because a 
	trailing right angle bracket <code>></code> is missing:
 
	<pre>&lt;a/&gt;&lt;b&gt;&lt;/b</pre>	]]></description></error>
 
  <error id="1091" label="kXMLUnterminatedCData">Ошибка интерпретатора XML: незавершенный раздел CDATA.</error>
  <error id="1092" label="kXMLUnterminatedXMLDecl">Ошибка интерпретатора XML: незавершенное объявление XML.</error>
  <error id="1093" label="kXMLUnterminatedDocTypeDecl">Ошибка интерпретатора XML: незавершенное объявление DOCTYPE.</error>
  <error id="1094" label="kXMLUnterminatedComment">Ошибка интерпретатора XML: незавершенный комментарий.</error>
  <error id="1095" label="kXMLUnterminatedAttribute">Ошибка интерпретатора XML: незавершенный атрибут.</error>
  <error id="1096" label="kXMLUnterminatedElement">Ошибка интерпретатора XML: незавершенный элемент.</error>
  <error id="1097" label="kXMLUnterminatedProcessingInstruction">Ошибка интерпретатора XML: незавершенная инструкция обработки.</error>
  <error id="1098" label="kXMLNamespaceWithPrefixAndNoURI">Недопустимый префикс %1 для пространства имен.
<description><![CDATA[
	The namespace constructor throws this error if you try to pass in an empty URI with a 
	non-empty prefix as in this example:
 
<pre>ns = new Namespace ("prefix", "");
	]]></description></error>
 
  <!--<error id="1099" label="kNullArgumentError">Argument %s cannot be null.</error>-->
  <error id="1100" label="kRegExpFlagsArgumentError">Невозможно предоставить флаги при конструировании одного RegExp из другого.
 <description><![CDATA[
	Creating a new regular expression from an existing one also copies its flags. To create a regular expression with 
	different flags, use the <code>new</code> operator and set the flags as desired. For example, this statement 
	creates a regular expression and specifies flag settings:
	<pre><code>var re:RegExp = new RegExp("ali", /s)</code></pre>
	Alternatively, this statement creates a regular expression that has the same flags as re:
	<pre><code>var re2:RegExp = new RegExp(re, ...)</code></pre> 	]]></description></error>
  
   <error id="1101" label="kNoScopeError">Невозможно проверить метод %1 с неизвестной областью действия.
<description><![CDATA[
		See the <a href="#note">note</a> at the bottom of this table.&#42;
	]]></description></error>
 
   <error id="1102" label="kIllegalDefaultValue">Недопустимое значение по умолчанию для типа %1.
<description><![CDATA[
		See the <a href="#note">note</a> at the bottom of this table.&#42;
	]]></description></error>
 
   <error id="1103" label="kCannotExtendFinalClass">Класс %1 не может расширять конечный базовый класс.
<description><![CDATA[
		See the <a href="#note">note</a> at the bottom of this table.&#42;
	]]></description></error>
 
   <error id="1104" label="kXMLDuplicateAttribute">Атрибут "%1" уже определен для элемента "%2".</error>
  <!--<error id="1105" label="kStringIndexOutOfBoundsError">The string index %d is out of bounds; must be in range %d to %d.</error>-->
  <!--<error id="1106" label="kInvalidRangeError">The range specified is invalid.</error>-->
  <error id="1107" label="kCorruptABCError">Данные ABC повреждены, попытка чтения вне пределов.
<description><![CDATA[
		See the <a href="#note">note</a> at the bottom of this table.&#42;
	]]></description></error>
 
  <error id="1108" label="kInvalidBaseClassError">Код операции OP_newclass использовался с неправильным базовым классом.
<description><![CDATA[
		See the <a href="#note">note</a> at the bottom of this table.&#42;
	]]></description></error>
 
  <error id="1109" label="kDanglingFunctionError">Попытка прямого вызова несвязанной функции %1 из метода %2.
<description><![CDATA[
		See the <a href="#note">note</a> at the bottom of this table.&#42;
	]]></description></error>
 
  <error id="1110" label="kCannotExtendError">%1 не может расширить %2.
<description><![CDATA[
		See the <a href="#note">note</a> at the bottom of this table.&#42;
	]]></description></error>
 
  <error id="1111" label="kCannotImplementError">%1 не может реализовать %2.
<description><![CDATA[
		See the <a href="#note">note</a> at the bottom of this table.&#42;
	]]></description></error>
 
   <error id="1112" label="kCoerceArgumentCountError">Несоответствие количества аргументов в классе "coercion". Ожидалось 1, получено %1.</error>
   <error id="1113" label="kInvalidNewActivationError">OP_newactivation используется в методе без флага NEED_ACTIVATION.
<description><![CDATA[
		See the <a href="#note">note</a> at the bottom of this table.&#42;
	]]></description></error>
 
  <error id="1114" label="kNoGlobalScopeError">OP_getglobalslot или OP_setglobalslot используются без глобальной области.
<description><![CDATA[
		See the <a href="#note">note</a> at the bottom of this table.&#42;
	]]></description></error>
 
  <error id="1115" label="kNotConstructorError">%1 не является конструктором.</error>
  <error id="1116" label="kApplyError">вторым аргументом Function.prototype.apply должен быть массив.</error>
  <error id="1117" label="kXMLInvalidName">Недопустимое имя XML: %1.</error>
  <error id="1118" label="kXMLIllegalCyclicalLoop">Недопустимый цикл между узлами.</error>
  <error id="1119" label="kDeleteTypeError">Оператор "delete" с операндом типа %1 не поддерживается.</error>
  <error id="1120" label="kDeleteSealedError">Невозможно удалить свойство %1 в %2.</error>
  <error id="1121" label="kDuplicateMethodBodyError">Метод %1 имеет повторяющееся тело метода.</error>
   <error id="1122" label="kIllegalInterfaceMethodBodyError">Метод интерфейса %1 имеет недопустимое тело метода.</error>
  <error id="1123" label="kFilterError">Оператор "filter" не поддерживается для типа %1.</error>  
  <error id="1124" label="kInvalidHasNextError">OP_hasnext2 требует наличия объекта и индекса в виде отдельных регистров.</error>
  <error id="1125" label="kOutOfRangeError">Индекс %1 выходит за границы диапазона %2.</error>
  <error id="1126" label="kVectorFixedError">Невозможно изменить длину фиксированного вектора.</error>
  <error id="1127" label="kTypeAppOfNonParamType">Выполнена попытка выбора непараметризованного типа приложения.</error>
  <error id="1128" label="kWrongTypeArgCountError">Неверное количество параметров типа для %1. Ожидалось %2, получено %3.</error>

  <!-- The following errors are specific to the AVM2 command-line shell.-->  
  <error id="1500" hidden="true" label="kFileOpenError">Ошибка при открытии файла %1.</error>
  <error id="1501" hidden="true" label="kFileWriteError">Ошибка при записи в файл %1.
 <description><![CDATA[
		The file you are writing to cannot be opened. Possibly the filename contains an error, the file is read-only, or 
		you do not have access privileges.
	  	]]></description>
		</error>
  <error id="1502" label="kScriptTimeoutError">Сценарий выполнялся дольше периода ожидания, установленного по умолчанию на 15 секунд.
 <description><![CDATA[
		A script executed after the timeout period. (The default timeout period is 15 seconds.) After this error occurs, the 
		script can continue to execute for 15 seconds more, after which the script terminates and throws run-time error number 1503 (A script failed to exit after 30 seconds and was terminated.)  
	]]></description>
 </error>
  <error id="1503" label="kScriptTerminatedError">Сценарий не завершился через 30 секунд и был остановлен.
    <description><![CDATA[
	  The script was still executing after 30 seconds. Flash Player first throws run-time error number 1502 (A script has executed for longer than the default timeout period of 15 seconds.) if the script executed more than 15 
	  seconds, which is the default timeout period. This error occurs 15 seconds after Error 1502 occurs.  
	]]></description></error>
	 <error id="1504" hidden="true" label="kEndOfFileError">Окончание файла.
 <description><![CDATA[
	  Flash Player unexpectedly encountered the end of the file. Possibly the file was not saved correctly or Flash Player expected more data 
	  in the file.
	]]></description>  
  </error>
  <error id="1505" hidden="true" label="kStringIndexOutOfBoundsError">Индекс строки %1 вне пределов; должен быть в диапазоне от %2 до %3.</error>
  <error id="1506" hidden="true" label="kInvalidRangeError">Указан недопустимый диапазон.
 <description><![CDATA[
	The method's <code>start</code> parameter is greater than its <code>end</code> parameter.
	]]></description></error>
  <error id="1507" label="kNullArgumentError">Аргумент %1 не может быть "null".</error>
  <error id="1508" label="kInvalidArgumentError">Указано недопустимое значение для аргумента %1.
 <description><![CDATA[
	You are possibly trying to pass the wrong data type. For example, the code
	<pre><code>public function doSomething(const:int):void {
	}
	this ["doSomething"] ("str")</code></pre> 
	generates an error at runtime because <code>doSomething</code> is cast as an int data type.	]]></description></error>
 
  <error id="1509" hidden="true" label="kShellCompressedDataError">При распаковке данных произошла ошибка.
 <description><![CDATA[
	The de-compressor reached the end of the stream, but more data was expected. The compressed data 
	stream is probably corrupted.
	]]></description></error>
  <error id="1510" label="kArrayFilterNonNullObjectError">Если аргумент "callback" является методом класса, дополнительный аргумент "this" должен быть "null".</error>
</errors>
