﻿<?xml version='1.0' encoding='utf-8' standalone='no' ?>
<!-- ***** BEGIN LICENSE BLOCK *****
 * Version: MPL 1.1/GPL 2.0/LGPL 2.1
 *
 * The contents of this file are subject to the Mozilla Public License Version
 * 1.1 (the "License"); you may not use this file except in compliance with
 * the License. You may obtain a copy of the License at
 * http://www.mozilla.org/MPL/
 *
 * Software distributed under the License is distributed on an "AS IS" basis,
 * WITHOUT WARRANTY OF ANY KIND, either express or implied. See the License
 * for the specific language governing rights and limitations under the
 * License.
 *
 * The Original Code is [Open Source Virtual Machine.].
 *
 * The Initial Developer of the Original Code is
 * Adobe System Incorporated.
 * Portions created by the Initial Developer are Copyright (C) 2004-2006
 * the Initial Developer. All Rights Reserved.
 *
 * Contributor(s):
 *   Adobe AS3 Team
 *
 * Alternatively, the contents of this file may be used under the terms of
 * either the GNU General Public License Version 2 or later (the "GPL"), or
 * the GNU Lesser General Public License Version 2.1 or later (the "LGPL"),
 * in which case the provisions of the GPL or the LGPL are applicable instead
 * of those above. If you wish to allow use of your version of this file only
 * under the terms of either the GPL or the LGPL, and not to allow others to
 * use your version of this file under the terms of the MPL, indicate your
 * decision by deleting the provisions above and replace them with the notice
 * and other provisions required by the GPL or the LGPL. If you do not delete
 * the provisions above, a recipient may use your version of this file under
 * the terms of any one of the MPL, the GPL or the LGPL.
 *
 * ***** END LICENSE BLOCK ***** -->
 
<errors>  This table contains all of the error messages generated by core 
  avmplus.  This will likely be replaced by a resource table      
  for easy localization.   
  %o = ScriptObject* 
  %t = Traits* 
  %m = MethodInfo* 
  %n = Multiname (name portion only)
  %N = Multiname (namespace portion only)
  %a = Atom 
  %d = int 
  %f = double 
  %S = Stringp 
  %s = char*   
  
  <error id="1000" label="kOutOfMemoryError">
    系统内存不足。
    <description><![CDATA[
		Flash Player needs more memory to compile your code than your system has available. 
		Close some of the applications or processes running on your system.
	]]></description></error>
 
  <error id="1001" label="kNotImplementedError">未实现 %1 方法。</error>
  <error id="1002" label="kInvalidPrecisionError">
    精度参数必须介于 %2 到 %3 之间；%1 无效。
    <description><![CDATA[
		You specified a value that is not within the expected range of the <code>precision</code> argument. Number.toPrecision has a range of 1 to 21. Number.toFixed and Number.toExponential have a range of 0 to 20.		
	]]></description></error>
 
  <error id="1003" label="kInvalidRadixError">
    基数参数必须介于 2 到 36 之间；当前值为 %1。
    <description><![CDATA[
		You passed a value less than 2 or greater than 36 for the <code>radix</code> argument of a method or property. 
		Pass a value between 2 and 36 as a <code>radix</code> argument.
	]]></description>  </error>
  <error id="1004" label="kInvokeOnIncompatibleObjectError">
    对不兼容的对象调用了方法 %1。
    <description><![CDATA[
		You tried to call a method that is not available to the specified object. This error occurs when 
		you have copied a prototype function from one object to another, and then invoked it, but the 
		target object is not the same type as the original object. Ensure that the target object and 
		original object are the same type. See the ECMAScript Language Specification, 3rd Edition, Chapter 15 for more details.
	]]></description></error>
  
  <!-- ISSUE jsshell reports "invalid array length" -->
<error id="1005" label="kArrayIndexNotIntegerError">
    数组索引不是正整数 (%1)。
    <description><![CDATA[
		You tried to access a member of an array using an index value that is not a positive integer. Pass only positive integers as index values for arrays.
	]]></description></error>
 
  
<error id="1006" label="kCallOfNonFunctionError">
    %1 不是函数。
    <description><![CDATA[
		This error occurs when you attempt to call a function that does not exist. 
		Make sure you are calling the correct function, and that the API has 
		not changed from ActionScript 2.0. Also, make sure you are using the correct
		object. For example, you will see this error when you use the following code 
		(because the last line mistakenly calls the variable <code>big</code> instead 
		of <code>blg</code>): 
		
		<pre><code>var blg:String = "foo";
var big:Sprite = new Sprite();
var error:int = big.length(); </code></pre>
	]]></description></error>
  <error id="1007" label="kConstructOfNonFunctionError">尝试实例化的函数不是构造函数。</error>
  <error id="1008" label="kAmbiguousBindingError">%1 有歧义；找到多个匹配的绑定。</error>
  <error id="1009" label="kConvertNullToObjectError">
    无法访问空对象引用的属性或方法。
    <description><![CDATA[
	An object that evaluates to <code>null</code> can have no properties. This error can occur in some unexpected 
	(though valid) situations. For example, consider the following code, which creates a Sprite
	object. Because this Sprite object is never added to the display list (through the 
	<code>addChild()</code> method of a DisplayObjectContainer object), its <code>stage</code>
	property is set to <code>null</code>. Thus, the example generates this error because Sprite object's <code>stage</code> property 
	cannot have any properties:
	
	<pre><code>import flash.display.Sprite;
var sprite1:Sprite = new Sprite();
var q:String = sprite1.stage.quality;</code></pre>
	]]></description></error>
 
  <error id="1010" label="kConvertUndefinedToObjectError">
    术语尚未定义，并且无任何属性。
    <description><![CDATA[
		This error can occur if you try to access a property of an object that does not exist. For example:
		<pre><code>var obj:Object = new Object();
obj.a = "foo";
trace(obj.b.prop);</code></pre>
		
		<p>You can also see this error because of a misspelling, for example in the following, where
		<code>mc</code> represents a MovieClip object in the display list, and the <code>stage</code>
		property is misspelled with a capital S (it should be <code>stage</code>):</p>
		
		<pre><code>trace(mc.Stage.quality);</code></pre>
		
	
	]]></description></error>
  <error id="1011" label="kIllegalOpcodeError">
    方法 %1 包含非法 opcode %2 (偏移量为 %3)。
    <description><![CDATA[
		See the <a href="#note">note</a> at the bottom of this table.&#42;
	]]></description></error>
 
  <error id="1012" label="kLastInstExceedsCodeSizeError">
    最后一条指令超出代码大小。
    <description><![CDATA[
		See the <a href="#note">note</a> at the bottom of this table.&#42;
	]]></description></error>
 
   <error id="1013" label="kFindVarWithNoScopeError">
    当 scopeDepth 为 0 时，无法调用 OP_findproperty。
    <description><![CDATA[
		See the <a href="#note">note</a> at the bottom of this table.&#42;
	]]></description></error>
 
   <error id="1014" label="kClassNotFoundError">无法找到类 %1。</error>
   <error id="1015" label="kIllegalSetDxns">
    方法 %1 无法设置默认 XML 命名空间
    <description><![CDATA[
		See the <a href="#note">note</a> at the bottom of this table.&#42;
	]]></description></error>
 
   <error id="1016" label="kDescendentsError">类型 %1 不支持后代运算符 (..)。</error>
   <error id="1017" label="kScopeStackOverflowError">
    发生范围堆栈上溢。
    <description><![CDATA[
		See the <a href="#note">note</a> at the bottom of this table.&#42;
	]]></description></error>
 
   <error id="1018" label="kScopeStackUnderflowError">
    发生范围堆栈下溢。
    <description><![CDATA[
		See the <a href="#note">note</a> at the bottom of this table.&#42;
	]]></description></error>
 
   <error id="1019" label="kGetScopeObjectBoundsError">
    Getscopeobject %1 超出范围。
    <description><![CDATA[
		See the <a href="#note">note</a> at the bottom of this table.&#42;
	]]></description></error>
   <error id="1020" label="kCannotFallOffMethodError">
    代码不能超出方法结尾。
    <description><![CDATA[
		See the <a href="#note">note</a> at the bottom of this table.&#42;
	]]></description></error>
 
   <error id="1021" label="kInvalidBranchTargetError">
    至少一个分支目标不是方法中的有效指令。
    <description><![CDATA[
		See the <a href="#note">note</a> at the bottom of this table.&#42;
	]]></description></error>
 
   <error id="1022" label="kIllegalVoidError">
    void 类型只能用作函数返回类型。
    <description><![CDATA[
		See the <a href="#note">note</a> at the bottom of this table.&#42;
	]]></description></error>
 
   <error id="1023" label="kStackOverflowError">
    发生堆栈上溢。
    <description><![CDATA[
		See the <a href="#note">note</a> at the bottom of this table.&#42;
	]]></description></error>
 
  <error id="1024" label="kStackUnderflowError">
    发生堆栈下溢。
    <description><![CDATA[
		See the <a href="#note">note</a> at the bottom of this table.&#42;
	]]></description></error>
 
  <error id="1025" label="kInvalidRegisterError">
    访问了无效的注册 %1。
    <description><![CDATA[
		See the <a href="#note">note</a> at the bottom of this table.&#42;
	]]></description></error>
 
  <error id="1026" label="kSlotExceedsCountError">
    Slot %1 超出 %3 中 slotCount=%2 的限制。
    <description><![CDATA[
		See the <a href="#note">note</a> at the bottom of this table.&#42;
	]]></description></error>
 
  <error id="1027" label="kMethodInfoExceedsCountError">
    Method_info %1 超出 method_count=%2 的限制。
    <description><![CDATA[
		See the <a href="#note">note</a> at the bottom of this table.&#42;
	]]></description></error>
 
  <error id="1028" label="kDispIdExceedsCountError">
    Disp_id %1 超出 %3 中 max_disp_id=%2 的限制。
    <description><![CDATA[
		See the <a href="#note">note</a> at the bottom of this table.&#42;
	]]></description></error>
 
  <error id="1029" label="kDispIdUndefinedError">
    Disp_id %1 在 %2 上未定义。
    <description><![CDATA[
		See the <a href="#note">note</a> at the bottom of this table.&#42;
	]]></description></error>
 
  <error id="1030" label="kStackDepthUnbalancedError">
    堆栈深度不对称。%1 != %2。
    <description><![CDATA[
		See the <a href="#note">note</a> at the bottom of this table.&#42;
	]]></description></error>
 
  <error id="1031" label="kScopeDepthUnbalancedError">
    范围深度不对称。%1 != %2。
    <description><![CDATA[
		See the <a href="#note">note</a> at the bottom of this table.&#42;
	]]></description></error>
 
   <error id="1032" label="kCpoolIndexRangeError">
    Cpool 索引 %1 超出范围 %2。
    <description><![CDATA[
		See the <a href="#note">note</a> at the bottom of this table.&#42;
	]]></description></error>
 
   <error id="1033" label="kCpoolEntryWrongTypeError">Cpool 项 %1 类型错误。<description><![CDATA[
		See the <a href="#note">note</a> at the bottom of this table.&#42;
	]]></description></error>
 
   <error id="1034" label="kCheckTypeFailedError">强制转换类型失败:无法将 %1 转换为 %2。</error>
 
   <error id="1035" label="kIllegalSuperCallError">
    发现方法 %1 中存在非法的 super 表达式。
    <description><![CDATA[
		See the <a href="#note">note</a> at the bottom of this table.&#42;
	]]></description></error>
   
   <!-- <error id="1036" label="kUncaughtExceptionWarning">The VM exited due to an uncaught exception.</error> -->  
   
   <error id="1037" label="kCannotAssignToMethodError">
    无法在 %2 上为方法 %1 赋值。
    <description><![CDATA[
		See the <a href="#note">note</a> at the bottom of this table.&#42;
	]]></description></error>
 
  
<error id="1038" label="kRedefinedError">
    %1 已定义。
    <description><![CDATA[
		You cannot declare a variable or function with the same identifier name more than once 
		within the same scope. 
		In ActionScript 3.0, different code blocks (such as those used in two <code>for</code> loops
		in the same <code>function</code> definition) are considered to be in the same scope.
		See the <a href="#note">note</a> at the bottom of this table.&#42;
	]]></description></error>
 
  <error id="1039" label="kCannotVerifyUntilReferencedError">
    在方法被引用之前无法对其进行验证。
    <description><![CDATA[
		See the <a href="#note">note</a> at the bottom of this table.&#42;
	]]></description></error>
 
   <error id="1040" label="kCantUseInstanceofOnNonObjectError">
    instanceof 的右侧必须是类或函数。
    <description><![CDATA[
		The expression on the right side of the <code>instanceof</code> operator must be a class or function.
	]]></description></error>
  <error id="1041" label="kIsTypeMustBeClassError">
    运算符的右侧必须是类。
    <description><![CDATA[
		The expression on the right side of the <code>is</code> operator must be a class.
	]]></description></error>
   <error id="1042" label="kInvalidMagicError">
    不是 ABC 文件。major_version=%1 minor_version=%2。
    <description><![CDATA[
You are attempting to use an  invalid file with the player: the tool that generates the SWF may be out of date or the SWF itself may be corrupt.
	]]></description></error>
   <error id="1043" label="kInvalidCodeLengthError">
    code_length=%1 无效。
    <description><![CDATA[
		See the <a href="#note">note</a> at the bottom of this table.&#42;
	]]></description></error>
 
   <error id="1044" label="kInvalidMethodInfoFlagsError">
    MethodInfo-%1 不支持 flags=%2。
    <description><![CDATA[
		See the <a href="#note">note</a> at the bottom of this table.&#42;
	]]></description></error>
 
 
 <error id="1045" label="kUnsupportedTraitsKindError">
    不支持 trait kind=%1。
    <description><![CDATA[
		See the <a href="#note">note</a> at the bottom of this table.&#42;
	]]></description></error>
 
   <error id="1046" label="kMethodInfoOrderError">
    MethodInfo-%1 被引用时未定义。
    <description><![CDATA[
		See the <a href="#note">note</a> at the bottom of this table.&#42;
	]]></description></error>
 
   <error id="1047" label="kMissingEntryPointError">
    未找到入口点。
    <description><![CDATA[
		See the <a href="#note">note</a> at the bottom of this table.&#42;
	]]></description></error>
   <!--<error id="1048" label="kNativeMethodNotFoundError">Native method not found: %a.</error>-->  
   
   <error id="1049" label="kPrototypeTypeError">
    原型对象必须是 vanilla 对象。
    <description><![CDATA[
		See the <a href="#note">note</a> at the bottom of this table.&#42;
	]]></description></error>
 
   <error id="1050" label="kConvertToPrimitiveError">
    无法将 %1 转换为原始类型。
    <description><![CDATA[
		See the <a href="#note">note</a> at the bottom of this table.&#42;
	]]></description></error>
 
   <error id="1051" label="kIllegalEarlyBindingError">
    对 %1 的早期绑定访问是非法的。
    <description><![CDATA[
		See the <a href="#note">note</a> at the bottom of this table.&#42;
	]]></description></error>
 
   <error id="1052" label="kInvalidURIError">
    传递给 %1 函数的 URI 无效。
    <description><![CDATA[
		See the <a href="#note">note</a> at the bottom of this table.&#42;
	]]></description></error>
 
   <error id="1053" label="kIllegalOverrideError">
    在 %2 中非法覆盖 %1。
    <description><![CDATA[
		See the <a href="#note">note</a> at the bottom of this table.&#42;
	]]></description></error>
 
   <error id="1054" label="kIllegalExceptionHandlerError">
    异常处理函数中存在非法的范围或目标偏移量。
    <description><![CDATA[
		See the <a href="#note">note</a> at the bottom of this table.&#42;
	]]></description></error>
 <!-- obsolete
  <error id="1055" label="kHasNoPropertiesTypeError">%S has no properties</error>
  -->
  <error id="1056" label="kWriteSealedError">
    无法为 %2 创建属性 %1。
    <description><![CDATA[
	You are trying to assign a value to a nonexistent property on an instance of a non-dynamic 
	class. This is only possible for instances of dynamic classes]]></description></error>
  
 <error id="1057" label="kIllegalSlotError">
    %1 只能包含方法。
    <description><![CDATA[
		See the <a href="#note">note</a> at the bottom of this table.&#42;
	]]></description></error>
 
   <error id="1058" label="kIllegalOperandTypeError">
    非法的操作数类型: %1 必须是 %2。
    <description><![CDATA[
		See the <a href="#note">note</a> at the bottom of this table.&#42;
	]]></description></error>
 
   <error id="1059" label="kClassInfoOrderError">
    ClassInfo-%1 被引用时未定义。
    <description><![CDATA[
		See the <a href="#note">note</a> at the bottom of this table.&#42;
	]]></description></error>
 
  <error id="1060" label="kClassInfoExceedsCountError">
    ClassInfo %1 超出 class_count=%2 的限制。
    <description><![CDATA[
		See the <a href="#note">note</a> at the bottom of this table.&#42;
	]]></description></error>
 
  
<error id="1061" label="kNumberOutOfRangeError">
    无法在不损失精度的情况下将值 %1 转换为 %2。
    <description><![CDATA[
	
		This error appears if you attempt to assign a decimal number to a property that has data type 
		int.
		
		<p>This error also appears for out-of-range assignments, such as the following:</p>
		
		<pre><code>var m0:int = 2147483648; // int.MAX_VALUE == 2147483647</code></pre>		
		<p>You can also see this error when using the bitwise left shift operator (&lt&lt).
		For example, consider the following code:</p>
		
		<pre><code>var m0:uint = 0xFF;
var m1:uint = m0&lt&lt24;</code></pre>
		
		<p>The result of left shift operator (&lt&lt) is interpreted as a 32-bit two's complement number 
		with sign. In the example, the result is a negative value, which causes the error when assigned
		to the uint typed property. A workaround is the following:</p>
		
		<pre><code>var m0:uint = 0xFF;
var m1:uint = uint(m0&lt;&lt;24);</code></pre>
	
	]]></description></error>
   <!--<error id="1062" label="kPackageCircularityError">Package %a imported while being defined</error>-->
  <error id="1063" label="kWrongArgumentCountError">%1 的参数数量不匹配。应该有 %2 个，当前为 %3 个。</error>
  <error id="1064" label="kCannotCallMethodAsConstructor">
    无法将方法 %1 作为构造函数调用。
    <description><![CDATA[
	Extracted methods are permanently bound to the object they are extracted from. 
	Therefore, they can not later be called as a constructor. For example, the following 
	creates function <code>f()</code> in Class A:
 	<pre><code>class A {
	   function f() {}
	}</code></pre>
	In the following code, extracting the function causes no error. However, creating 
	a new instance of the function causes an error.
	<pre><code>var a = new A()
	var m = a.f // extract f, don't call it
	m() // same as a.f()
	new m() // causes this error</code></pre>
	
	]]></description></error>
  <error id="1065" label="kUndefinedVarError">
    变量 %1 未定义。
    <description><![CDATA[
	You are using an undefined lexical reference. For example, in the following statements, the 
	statement <code>trace(x)</code> generates an error because <code>x</code> is undefined. However, the 
	statement <code>trace(y)</code> doesn't generate an error because <code>y</code> is defined:
 	<pre><code>trace("hello world")
	trace(x) // x is undefined
	var y
	trace(y) // No error, y is defined.</code></pre>
	]]></description></error>
  <error id="1066" label="kFunctionConstructorError">
    不支持 function('function body') 形式。
    <description><![CDATA[
	Unlike JavaScript, Flash does not compile code on-the-fly using <code>eval()</code> and 
	<code>function()</code>.  Thus, calling these as a constructor in ActionScript 3.0 generates this error.
	]]></description></error>
  
<error id="1067" label="kIllegalNativeMethodBodyError">
    内置方法 %1 含有非法的方法正文。
    <description><![CDATA[
		See the <a href="#note">note</a> at the bottom of this table.&#42;
	]]></description></error>
 
  
<error id="1068" label="kCannotMergeTypesError">
    %1 和 %2 无法协调一致。
    <description><![CDATA[
		See the <a href="#note">note</a> at the bottom of this table.&#42;
	]]></description></error>
 
   <error id="1069" label="kReadSealedError">
    在 %2 上找不到属性 %1，且没有默认值。
    <description><![CDATA[
	You are referencing an undefined property on a non-dynamic class instance. For example, the following generates this error when it references property 
	<code>x</code>, which is not defined and cannot be created dynamically: 	
	<pre><code>class A {} // sealed class, not dynamic
	trace(new A().x) // no property x defined on A, and A is not dynamic</code></pre>
	]]></description></error>
  <error id="1070" label="kCallNotFoundError">
    在 %2 上找不到方法 %1
    <description><![CDATA[
	You are using a <code>super</code> statement to call a function, but the function doesn't exist in the super class. 
	For example, the following code generates the error:	<pre><code>class A() {}
class B extends A {
  function f() { trace(super.f()); } // error 1070, there is no f on A
}</code></pre>
	]]></description></error>
  <error id="1071" label="kAlreadyBoundError">函数 %1 已被绑定到 %2。</error>
  
<error id="1072" label="kZeroDispIdError">
    Disp_id 0 是非法的。
    <description><![CDATA[
		See the <a href="#note">note</a> at the bottom of this table.&#42;
	]]></description></error>
 
   <error id="1073" label="kDuplicateDispIdError">
    由于 disp_id %2 的重复，非覆盖方法 %1 已被替换。
    <description><![CDATA[
		See the <a href="#note">note</a> at the bottom of this table.&#42;
	]]></description></error>
  
<error id="1074" label="kConstWriteError">%2 上存在对只读属性 %1 的非法写入。</error>
  <error id="1075" label="kMathNotFunctionError">
    Math 不是函数。
    <description><![CDATA[
	You are trying to call <code>math()</code> as a function, but the Math class is a class with static methods.
	]]></description></error>
  <error id="1076" label="kMathNotConstructorError">
    Math 不是构造函数。
    <description><![CDATA[
	You can not instantiate the Math class. 
 	]]></description></error>
 
  <error id="1077" label="kWriteOnlyError">%2 上存在对只写属性 %1 的非法读取。</error>
   <error id="1078" label="kIllegalOpMultinameError">
    非法的 opcode/multiname 组合: %1&lt;%2&gt;。
    <description><![CDATA[
		See the <a href="#note">note</a> at the bottom of this table.&#42;
	]]></description></error>
 
   <error id="1079" label="kIllegalNativeMethodError">
    载入代码中不允许使用内置方法。
    <description><![CDATA[
		See the <a href="#note">note</a> at the bottom of this table.&#42;
	]]></description></error>
 
   <error id="1080" label="kIllegalNamespaceError">
    非法的命名空间值。
    <description><![CDATA[
		See the <a href="#note">note</a> at the bottom of this table.&#42;
	]]></description></error>
 
 
  <error id="1081" label="kReadSealedErrorNs">在 %2 上找不到属性 %1，且没有默认值。</error>
 <!--<error id="1081" label="kIllegalMultinameCallError">Illegal call to %1</error>-->  
 
 <error id="1082" label="kNoDefaultNamespaceError">
    未设置默认的命名空间。
    <description><![CDATA[
		See the <a href="#note">note</a> at the bottom of this table.&#42;
	]]></description></error>
 
   <error id="1083" label="kXMLPrefixNotBound">
    元素“%2”的前缀“%1”未绑定。
    <description><![CDATA[
	An attribute name or element name has a prefix but no matching namespace was 
	found. This statement generates an error because there is no <code>foo</code> 
	namespace to match <code>foo:x</code>:<pre/>&lt;foo:x xmlns:clowns='http://circuscenter.org'&gt;</pre>
		]]></description></error>
 
  <error id="1084" label="kXMLBadQName">
    元素或属性 (“%1”) 与 QName 定义不匹配: QName::=(NCName':')?NCName。
    <description><![CDATA[
	You have <code>foo: </code> or <code>:foo</code> as an element or attribute name, but there is nothing 
	on the other side of the colon.	
	]]></description></error>
  <error id="1085" label="kXMLUnterminatedElementTag">元素类型“%1”必须以匹配的结束标记“&lt;/%2&gt;”结束。</error>
  <error id="1086" label="kXMLOnlyWorksWithOneItemLists">
    %1 方法只能用于包含单一项目的列表。
    <description><![CDATA[
	The XMLList class propagates the XML-specific functions to one child if it has only one 
	item in its list. If more than one item is in the list, the routines fail with this 
	error. This happens for the following XMLList functions that mimic XML functions: 	
	<p><code>addNamespace</code>, <code>appendChild</code>,  <code>childIndex</code>,  	
	<code>inScopeNamespaces</code>,  <code>insertChildAfter</code>,  <code>insertChildBefore</code>,  	
	<code>name</code>,  <code>namespace</code>,  <code>localName</code>,  <code>namespaceDeclarations</code>,  	
	<code>nodeKind</code>,  <code>prependChild</code>,  <code>removeNamespace</code>,  <code>replace</code>,  	
	<code>setChildren</code>,  <code>setLocalName</code>,  <code>setName</code>,  and <code>setNamespace.
 
	]]></description></error>
  <error id="1087" label="kXMLAssignmentToIndexedXMLNotAllowed">不允许对索引 XML 进行赋值。</error>
  <error id="1088" label="kXMLMarkupMustBeWellFormed">
    文档中根元素后面的标记格式必须正确。
    <description><![CDATA[
	These are possible causes of this error:
	<ul>
	<li>Parsing an XMLList style object as XML</li>
	<li>Misbalanced strings</li>
	</ul>	
	]]></description></error>
 
  <error id="1089" label="kXMLAssigmentOneItemLists">不支持对包含多个项目的列表进行赋值。</error>
  <error id="1090" label="kXMLMalformedElement">
    XML 分析器失败: 元素格式不正确。
    <description><![CDATA[
	An element name is malformed. This example of an element name is malformed because a 
	trailing right angle bracket <code>></code> is missing:
 
	<pre>&lt;a/&gt;&lt;b&gt;&lt;/b</pre>	]]></description></error>
 
  <error id="1091" label="kXMLUnterminatedCData">XML 分析器失败: CDATA 部分未结束。</error>
  <error id="1092" label="kXMLUnterminatedXMLDecl">XML 分析器失败: XML 声明未结束。</error>
  <error id="1093" label="kXMLUnterminatedDocTypeDecl">XML 分析器失败: DOCTYPE 声明未结束。</error>
  <error id="1094" label="kXMLUnterminatedComment">XML 分析器失败: 注释未结束。</error>
  <error id="1095" label="kXMLUnterminatedAttribute">XML 分析器失败: 属性未结束。</error>
  <error id="1096" label="kXMLUnterminatedElement">XML 分析器失败: 元素未结束。</error>
  <error id="1097" label="kXMLUnterminatedProcessingInstruction">XML 分析器失败: 正在处理的指令未结束。</error>
  <error id="1098" label="kXMLNamespaceWithPrefixAndNoURI">
    no namespace 带有非法前缀 %1。
    <description><![CDATA[
	The namespace constructor throws this error if you try to pass in an empty URI with a 
	non-empty prefix as in this example:
 
<pre>ns = new Namespace ("prefix", "");
	]]></description></error>
 
  <!--<error id="1099" label="kNullArgumentError">Argument %s cannot be null.</error>-->
  <error id="1100" label="kRegExpFlagsArgumentError">
    在由一个 RegExp 构建另一个的过程中无法提供标志。
    <description><![CDATA[
	Creating a new regular expression from an existing one also copies its flags. To create a regular expression with 
	different flags, use the <code>new</code> operator and set the flags as desired. For example, this statement 
	creates a regular expression and specifies flag settings:
	<pre><code>var re:RegExp = new RegExp("ali", /s)</code></pre>
	Alternatively, this statement creates a regular expression that has the same flags as re:
	<pre><code>var re2:RegExp = new RegExp(re, ...)</code></pre> 	]]></description></error>
  
   <error id="1101" label="kNoScopeError">
    无法验证具有未知范围的方法 %1。
    <description><![CDATA[
		See the <a href="#note">note</a> at the bottom of this table.&#42;
	]]></description></error>
 
   <error id="1102" label="kIllegalDefaultValue">
    类型 %1 的默认值非法。
    <description><![CDATA[
		See the <a href="#note">note</a> at the bottom of this table.&#42;
	]]></description></error>
 
   <error id="1103" label="kCannotExtendFinalClass">
    类 %1 不能扩展最终基类。
    <description><![CDATA[
		See the <a href="#note">note</a> at the bottom of this table.&#42;
	]]></description></error>
 
   <error id="1104" label="kXMLDuplicateAttribute">已指定属性“%1”(针对元素“%2”)。</error>
  <!--<error id="1105" label="kStringIndexOutOfBoundsError">The string index %d is out of bounds; must be in range %d to %d.</error>-->
  <!--<error id="1106" label="kInvalidRangeError">The range specified is invalid.</error>-->
  <error id="1107" label="kCorruptABCError">
    ABC 数据已损坏，尝试的读取操作超出范围。
    <description><![CDATA[
		See the <a href="#note">note</a> at the bottom of this table.&#42;
	]]></description></error>
 
  <error id="1108" label="kInvalidBaseClassError">
    OP_newclass opcode 使用的基类不正确。
    <description><![CDATA[
		See the <a href="#note">note</a> at the bottom of this table.&#42;
	]]></description></error>
 
  <error id="1109" label="kDanglingFunctionError">
    尝试直接调用非绑定函数 %1 (从方法 %2 中调用)。
    <description><![CDATA[
		See the <a href="#note">note</a> at the bottom of this table.&#42;
	]]></description></error>
 
  <error id="1110" label="kCannotExtendError">
    %1 无法扩展 %2。
    <description><![CDATA[
		See the <a href="#note">note</a> at the bottom of this table.&#42;
	]]></description></error>
 
  <error id="1111" label="kCannotImplementError">
    %1 无法实现 %2。
    <description><![CDATA[
		See the <a href="#note">note</a> at the bottom of this table.&#42;
	]]></description></error>
 
   <error id="1112" label="kCoerceArgumentCountError">类强制转换的参数数量不匹配。应为 1 个，当前为 %1 个。</error>
   <error id="1113" label="kInvalidNewActivationError">
    方法中使用的 OP_newactivation 没有 NEED_ACTIVATION 标志。
    <description><![CDATA[
		See the <a href="#note">note</a> at the bottom of this table.&#42;
	]]></description></error>
 
  <error id="1114" label="kNoGlobalScopeError">
    使用的 OP_getglobalslot 或 OP_setglobalslot 不具有全局范围。
    <description><![CDATA[
		See the <a href="#note">note</a> at the bottom of this table.&#42;
	]]></description></error>
 
  <error id="1115" label="kNotConstructorError">%1 不是构造函数。</error>
  <error id="1116" label="kApplyError">Function.prototype.apply 的第二个参数必须是数组。</error>
  <error id="1117" label="kXMLInvalidName">XML 名称无效: %1。</error>
  <error id="1118" label="kXMLIllegalCyclicalLoop">节点间存在非法循环。</error>
  <error id="1119" label="kDeleteTypeError">类型 %1 的操作数不支持删除运算符。</error>
  <error id="1120" label="kDeleteSealedError">无法为 %2 删除属性 %1。</error>
  <error id="1121" label="kDuplicateMethodBodyError">方法 %1 具有重复的方法正文。</error>
   <error id="1122" label="kIllegalInterfaceMethodBodyError">接口方法 %1 含有非法的方法正文。</error>
  <error id="1123" label="kFilterError">类型 %1 不支持过滤运算符。</error>  
  <error id="1124" label="kInvalidHasNextError">OP_hasnext2 要求对象和索引位于不同的寄存器。</error>
  <error id="1125" label="kOutOfRangeError">索引 %1 超出范围 %2。</error>
  <error id="1126" label="kVectorFixedError">无法更改固定矢量的长度。</error>
  <error id="1127" label="kTypeAppOfNonParamType">尝试对非参数化类型执行类型应用程序。</error>
  <error id="1128" label="kWrongTypeArgCountError">%1 的类型参数的个数不正确。应为 %2，当前为 %3。</error>

  <!-- The following errors are specific to the AVM2 command-line shell.-->  
  <error id="1500" hidden="true" label="kFileOpenError">打开文件 %1 时出错。</error>
  <error id="1501" hidden="true" label="kFileWriteError">
    写入文件 %1 时出错。
    <description><![CDATA[
		The file you are writing to cannot be opened. Possibly the filename contains an error, the file is read-only, or 
		you do not have access privileges.
	  	]]></description>
		</error>
  <error id="1502" label="kScriptTimeoutError">
    脚本的执行时间已经超过了 15 秒的默认超时设置。
    <description><![CDATA[
		A script executed after the timeout period. (The default timeout period is 15 seconds.) After this error occurs, the 
		script can continue to execute for 15 seconds more, after which the script terminates and throws run-time error number 1503 (A script failed to exit after 30 seconds and was terminated.)  
	]]></description>
 </error>
  <error id="1503" label="kScriptTerminatedError">
    脚本未能在 30 秒后退出而被终止。
    <description><![CDATA[
	  The script was still executing after 30 seconds. Flash Player first throws run-time error number 1502 (A script has executed for longer than the default timeout period of 15 seconds.) if the script executed more than 15 
	  seconds, which is the default timeout period. This error occurs 15 seconds after Error 1502 occurs.  
	]]></description></error>
	 <error id="1504" hidden="true" label="kEndOfFileError">
    文件结尾。
    <description><![CDATA[
	  Flash Player unexpectedly encountered the end of the file. Possibly the file was not saved correctly or Flash Player expected more data 
	  in the file.
	]]></description>  
  </error>
  <error id="1505" hidden="true" label="kStringIndexOutOfBoundsError">字符串索引 %1 超出范围；必须在 %2 到 %3 的范围内。</error>
  <error id="1506" hidden="true" label="kInvalidRangeError">
    指定的范围无效。
    <description><![CDATA[
	The method's <code>start</code> parameter is greater than its <code>end</code> parameter.
	]]></description></error>
  <error id="1507" label="kNullArgumentError">参数 %1 不能为空。</error>
  <error id="1508" label="kInvalidArgumentError">
    为参数 %1 指定的值无效。
    <description><![CDATA[
	You are possibly trying to pass the wrong data type. For example, the code
	<pre><code>public function doSomething(const:int):void {
	}
	this ["doSomething"] ("str")</code></pre> 
	generates an error at runtime because <code>doSomething</code> is cast as an int data type.	]]></description></error>
 
  <error id="1509" hidden="true" label="kShellCompressedDataError">
    解压缩数据时出错。
    <description><![CDATA[
	The de-compressor reached the end of the stream, but more data was expected. The compressed data 
	stream is probably corrupted.
	]]></description></error>
  <error id="1510" label="kArrayFilterNonNullObjectError">如果回调参数是某个类的方法，则可选参数“this”必须为空。</error>
</errors>
